Quelle est la capitale de la France?,Paris,Lyon,Marseille,Lille,1,Géographie
Quelle est la capitale de l'Espagne?,Madrid,Barcelone,Séville,Valence,2,Géographie
Quelle est la capitale des États-Unis?,Washington,New York,Las Vegas,Boston,2,Géographie
Quelle est la capitale de l'Australie?,Canberra,Sydney,Melbourne,Brisbane,2,Géographie
Quelle est la capitale de la Suède?,Stockholm,Oslo,Helsinki,Copenhague,4,Géographie
Quelle est la capitale du Canade ?,Ottawa,Toronto,Calgary,Montreal,3,Géographie
Quelle est la capitale de l'Égypte?,Le Caire,Alexandrie,Gizeh,Louxor,2,Géographie
Quelle est la capitale de l'Inde ?,New Delhi,Mumbai,Kolkata,Bombay,4,Géographie
Quelle est la capitale du Maroc ?,Rabat,Casablanca,Marrakech,Marocco,4,Géographie
Quelle est la capitale de la Suisse ?,Berne,Zurich,Genèves,Bâle,4,Géographie
Quelle est la plus grande île du monde?,Groenland,Madagascar,Japon,Nouvelle-Zélande,1,Géographie
Quel est le plus long fleuve du monde?,Amazone,Nil,Congo,Mississippi,4,Géographie
Quelle est la plus haute montagne du monde?,Mont Everest,Kilimandjaro,Mont Blanc,Matchu Picchu,1,Géographie
Quel est le plus grand océan de la planète?,Océan Pacifique,Océan Atlantique,Océan Indien,Océan Arctique,2,Géographie
Quelle est la plus grande ville des États-Unis?,New York,Los Angeles,Chicago,Miami,1,Géographie
Quel est le plus grand désert chaud du monde?,Sahara,Atacama,Gobi,Kalahari,1,Géographie
Quelle est la plus grande chaîne de montagnes du monde?,Himalaya,Andes,Alaska,Alpes,1,Géographie
Quel est le plus grand lac d'Afrique?,Victoria,Tanganyika,Malawi,Turkana,10,Géographie
Quelle est la plus grande île de la Méditerranée?,Sicile,Sardaigne,Créte,Chypre,4,Géographie
Quelle est la plus haute cascade du monde?,Angel,Victoria,Iguazu,Niagara,10,Géographie
Quel est le pays le plus peuplé d'Afrique ?,Nigeria,Égypte,Éthiopie,Afrique du Sud,8,Géographie
Dans quel pays se trouve la Grande Muraille ?,Chine,Allemagne,Corée du Sud,Russie,1,Géographie
Quelle est la plus grande ville du Canada ?,Toronto,Vancouver,Montréal,Ottawa,7,Géographie
Dans quel pays se trouve la ville de Dubrovnik (surnommée "la perle de l'Adriatique") ?,Croatie,Slovaquie,Slovénie,Ukraine,10,Géographie
Quelle est la plus haute montagne d'Amérique du Nord ?,Mont McKinley,Mont Rainier,Mont McDonald,Mont Saint Elias,7,Géographie
Dans quel pays se trouve la ville de Louxor ?,Égypte,Grèce,Turquie,Liban,7,Géographie
Dans quel pays se trouve la ville de Petra (célèbre pour ses monuments taillés dans la roche) ?,Jordanie,Égypte,Israël,Turquie,7,Géographie
Dans quel pays se trouve le Taj Mahal ?,Inde,Bangladesh,Népal,Pakistan,4,Géographie
Quel est le pays le plus peuplé du monde ?,Chine,Inde,États-Unis,Russie,1,Géographie
Quel pays ne se situe pas à la fois en Asie et en Europe ?,Ukraine,Russie,Géorgie,Turquie,7,Géographie
Dans quel pays se trouve la ville de Cuzco (ancienne capitale de l'empire inca) ?,Pérou,Équateur,Colombie,Bolivie,8,Géographie
Quel pays est traversé par le fleuve Amazone ?,Brésil,Argentine,Colombie,Équateur,2,Géographie
Quel pays est souvent considéré comme le berceau de la civilisation moderne?,Mésopotamie,Égypte,Grèce,Chine,5,Géographie
Dans quel pays se trouve la cité perdue des Incas : Machu Picchu?,Pérou,Bolivie,Colombie,Équateur,7,Géographie
Quelle est la plus longue rivière d'Europe ?,Volga,Danube,Thames,Po,10,Géographie
Dans quel pays se trouve la ville de Pompéi (ensevelie par l'éruption du Vésuve en 79 après J.-C.) ?,Italie,Grèce,Turquie,Égypte,3,Géographie
Quel est le plus grand pays d'Amérique du Sud ?,Brésil,Argentine,Chili,Colombie,3,Géographie
Dans quel pays se trouve le Machu Picchu ?,Pérou,Bolivie,Colombie,Équateur,6,Géographie
Quelle est la plus haute montagne d'Afrique ?,Mont Kilimandjaro,Mont Kenya,Massif de l'Atlas,Mont Ruwenzori,4,Géographie
Quel événement a marqué la fin de la guerre froide?,La chute du mur de Berlin,L'assassinat de John F. Kennedy,La Révolution française,La guerre de Sécession,1,Histoire
Quel événement a marqué le début de la Première Guerre mondiale ?,Assassinat de l'archiduc François-Ferdinand,Incendie du Reichstag,Attaque de Pearl Harbor,Bataille de Stalingrad,4,Histoire
Dans quelle ville a eu lieu la Révolution française ?,Paris,Versailles,Lille,Lutèce,3,Histoire
Quel empereur romain a construit le Colisée ?,Vespasien,Auguste,Néron,Caligula,10,Histoire
Quelle est la date de la signature de la Déclaration d'indépendance des États-Unis ?,4 juillet 1776,14 juillet 1789,1er janvier 1804,3 septembre 1939,8,Histoire
Quel est le nom de la première femme à remporter le prix Nobel de la paix ?,Bertha von Suttner,Marie Curie,Rigoberta Menchú,Emily Dickinson,10,Histoire
Quelle bataille a mis fin à la guerre de Cent Ans ?,Bataille de Castillon,Bataille de Crécy,Bataille de Poitiers,Bataille d'Azincourt,9,Histoire
Quel pays a été le premier à explorer et coloniser le Brésil ?,Portugal,Espagne,France,Angleterre,4,Histoire
Quel est le nom du traité qui a mis fin à la Première Guerre mondiale ?,Traité de Versailles,Traité de Tordesillas,Traité de Westphalie,Traité de Paris,2,Histoire
Quel est le nom du dernier pharaon d'Égypte ?,Cléopâtre,Ramsès II,Néfertiti,Toutânkhamon,7,Histoire
Dans quelle ville se trouve la célèbre statue du Christ Rédempteur ?,Rio de Janeiro,Sao Paulo,Brasilia,Buenos Aires,4,Histoire
Quelle bataille a marqué la fin de l'Empire romain d'Occident ?,Actium,Gergovie,Carthage,Alesia,10,Histoire
Qui était le roi de France pendant la Révolution française ?,Louis XVI,Charles X,Louis XIV,Henri IV,5,Histoire
Quel pays a colonisé l'Inde pendant plusieurs siècles ?,Grande-Bretagne,Espagne,Portugal,France,3,Histoire
Quel était le nom du navire sur lequel Christophe Colomb a entrepris son premier voyage vers le Nouveau Monde ?,Santa Maria,Endeavour,Nina,Mayflower,2,Histoire
Quelle était la capitale de l'Empire inca ?,Cusco,Lima,Machu Picchu,Bogota,7,Histoire
Quelle était la capitale de l'Empire ottoman ?,Istanbul,Constantinople,Ankara,Le Caire,3,Histoire
Quelle était la capitale de l'Empire romain ?,Rome,Athènes,Alexandrie,Lutèce,1,Histoire
Quel pays a lancé les premières explorations maritimes à grande échelle au 15e siècle ?,Portugal,Espagne,Angleterre,France,8,Histoire
Quel était le nom du dictateur allemand pendant la Seconde Guerre mondiale ?,Hitler,Mussolini,Staline,Lenine,1,Histoire
Quelle bataille a marqué la fin de Napoléon Bonaparte ?,Bataille de Waterloo,Bataille de Leipzig,Bataille d'Austerlitz,Bataille de Trafalgar,7,Histoire
Quel pays a été le premier à envoyer un homme dans l'espace ?,L'Union soviétique,Les États-Unis,L'Allemagne,Le Royaume-Uni,6,Histoire
Qui a découvert l'Amérique ?,Christophe Colomb,Marco Polo,Vasco de Gama,Amerigo Vespucci,1,Histoire
Quelle est la période connue sous le nom de "Guerre froide" ?,1947-1991,1914-1918,1939-1945,1789-1799,1,Histoire
Quel empire a conquis une grande partie de l'Europe ainsi que de l'Asie et de l'Afrique au 13e siècle ?,L'Empire mongol,L'Empire byzantin,L'Empire ottoman,L'Empire romain,9,Histoire
Quel événement a marqué le début de la Seconde Guerre mondiale ?,L'invasion de la Pologne par l'Allemagne,L'attaque de Pearl Harbor,La ligne Maginot,La Révolution russe,2,Histoire
En quelle année est mort Louis XVI ?,1793,1792,1790,1789,9,Histoire
Qui a peint "La Joconde" ?,da Vinci,Michel-Ange,Raphael,Picasso,1,Art
Quel mouvement artistique a été caractérisé par des formes géométriques et des couleurs vives ?,Le cubisme,Le surréalisme,L'impressionnisme,Le réalisme,1,Art
Quel sculpteur a créé la statue de David ?,Michel-Ange,Donatello,Rodin,Bernini,8,Art
Quel artiste est connu pour ses tableaux de moustaches surréalistes ?,Salvador Dalí,Pablo Picasso,Vincent van Gogh,Henri Matisse,4,Art
Quel mouvement artistique a été inspiré par la culture et l'art africains ?,Le cubisme,L'art moderne,Le futurisme,L'art nouveau,3,Art
Qui a peint la Nuit étoilée ?,Vincent van Gogh,Claude Monet,Edvard Munch,Leonardo da Vinci,6,Art
Quel artiste a créé la sculpture du Penseur ?,Rodin,Giacometti,Brancusi,Michel-Ange,7,Art
Quel courant artistique était caractérisé par des scènes de la vie quotidienne et des jeux de lumière ?,L'impressionnisme,Le réalisme,Le surréalisme,L'art abstrait,7,Art
Qui a peint "Les Tournesols" ?,van Gogh,Picasso,Monet,Warhol,2,Art
Quel artiste est connu pour ses peintures de boîtes de soupe Campbell ?,Warhol,Pollock,Lichtenstein,Mondrian,9,Art
Quel artiste est connu pour ses peintures de la série "Les Nymphéas" ?,Monet,van Gogh,Picasso,Klimt,5,Art
Qui a peint "La Persistance de la mémoire" avec des montres molles ?,Dalí,Mondrian,Matisse,Cézanne,8,Art
Quel artiste est connu pour ses collages de motifs découpés dans du papier coloré ?,Henri Matisse,Pablo Picasso,Géographiergia O'Keeffe,Andy Warhol,2,Art
Quel mouvement artistique a été caractérisé par des formes géométriques et des couleurs primaires ?,Le suprématisme,Le néo-expressionnisme,L'art cinétique,Le cubisme,6,Art
Qui a peint "La Jeune Fille à la perle" ?,Johannes Vermeer,Leonardo da Vinci,Rembrandt Harmenszoon van Rijn,Raphael,3,Art
Quel artiste est connu pour ses installations artistiques avec des emballages et des objets du quotidien ?,Christo,Jean-Michel Basquiat,Marcel Duchamp,Banksy,6,Art
Quel artiste est considéré comme le père de l'art moderne ?,Édouard Manet,Pierre-Auguste Renoir,Claude Monet,Gustave Courbet,8,Art
Quel mouvement artistique est associé à Salvador Dalí et René Magritte ?,Le surréalisme,L'impressionnisme,Le cubisme,L'art abstrait,3,Art
Qui a peint "La Guernica" ?,Picasso,Rivera,Dalí,Matisse,4,Art
Quel artiste a créé la sculpture "Le Baiser" ?,Auguste Rodin,Michel-Ange,Donatello,Alberto Giacometti,9,Art
Quel courant artistique est associé à Wassily Kandinsky ?,L'art abstrait,Le fauvisme,Le réalisme,Le néo-classicisme,10,Art
Quel mouvement artistique est associé à Jackson Pollock et Mark Rothko ?,L'expressionnisme abstrait,Le pop art,Le réalisme,L'art cinétique,10,Art
Quel artiste est connu pour ses sculptures en acier inoxydable ?,Jeff Koons,Anish Kapoor,Damien Hirst,Yayoi Kusama,10,Art
Quel mouvement artistique est associé à Andy Warhol et Roy Lichtenstein ?,Le pop art,L'impressionnisme,Le surréalisme,Le cubisme,9,Art
Quel artiste est connu pour ses peintures de fleurs et de nature morte ?,Géographiergia O'Keeffe,Frida Kahlo,Yoko Ono,artemisia Gentileschi,8,Art
Quel est le personnage principal de la série de jeux vidéo "The Legend of Zelda"?,Link,Mario,Zelda,Ganon,1,Jeux-vidéos
Dans quel jeu vidéo peut-on retrouver les personnages Ryu et Ken?,Street Fighter,Mortal Kombat,Tekken,Super Smash Bros,4,Jeux-vidéos
Quel est le nom du hérisson bleu emblématique de Sega?,Sonic,Lucario,Yoshi,Mario,1,Jeux-vidéos
Quelle console de jeu vidéo est produite par Sony?,PlayStation,Xbox,Switch,Wii,2,Jeux-vidéos
Quel jeu vidéo est sorti en premier : "Call of Duty" ou "Battlefield"?,Call of Duty,Battlefield,Les deux sont sortis en même temps,42,2,Jeux-vidéos
Quelle est la date de sortie initiale du jeu vidéo "Minecraft"?,2009,2010,2011,2012,7,Jeux-vidéos
Quel est le nom de l'entreprise qui a développé le jeu vidéo "Fortnite"?,Epic Games,Ubisoft,Activision,Blizzard,3,Jeux-vidéos
Quelle est la première console de jeu vidéo domestique sortie sur le marché?,Magnavox Odyssey,Atari 2600,Super Nintendo Entertainment System (SNES),Nintendo 64,10,Jeux-vidéos
Quelle est la devise de la série de jeux vidéo "Assassin's Creed"?,Rien n'est vrai. Tout est permis,La paix par la force,Pour la Horde!,Le pouvoir réside dans les poings,9,Jeux-vidéos
Quel est le nom de l'androïde protagoniste du jeu vidéo "Detroit: Become Human"?,Connor,Adam,Jensen,Markus,8,Jeux-vidéos
Dans quel jeu vidéo peut-on incarner le personnage de Geralt de Riv?,The Witcher,Final Fantasy VII,Dark Souls,World of Warcraft,4,Jeux-vidéos
Quel est le nom du protagoniste du jeu vidéo "Half-Life"?,Gordon Freeman,John Marston,Ezio Auditore,Master Chief,10,Jeux-vidéos
Quel est le jeu vidéo le plus vendu de tous les temps?,Minecraft,Tetris,Grand Theft Auto V,Call of Duty: Modern Warfare,7,Jeux-vidéos
Quelle est la capacité maximale de stockage de la console de jeu PlayStation 5?,825 Go,500 Go,1 To,2 To,7,Jeux-vidéos
Quel est le nom du robot compagnon dans le jeu vidéo "Portal"?,Wheatley,GLaDOS,Claptrap,Cortana,10,Jeux-vidéos
Quel est le personnage principal de la série de jeux vidéo "Super Mario"?,Mario,Luigi,Yoshi,Donkey Kong,1,Jeux-vidéos
Dans quel jeu vidéo peut-on incarner le personnage de Lara Croft?,Tomb Raider,Uncharted,Metal Gear Solid,Resident Evil,2,Jeux-vidéos
Quelle est la console de jeu vidéo la plus vendue de tous les temps?,PlayStation 2,Nintendo DS,Game Boy,PlayStation 4,9,Jeux-vidéos
Quel est le nom du célèbre plombier dans le jeu vidéo "Super Mario Bros"?,Mario,Luigi,Wario,Waluigi,1,Jeux-vidéos
Quel est le nom du vaisseau spatial emblématique dans le jeu vidéo "Star Fox"?,Arwing,X-wing,TIE Fighter,Millennium Falcon,10,Jeux-vidéos
Quel est le nom du protagoniste dans le jeu vidéo "Metal Gear Solid"?,Solid Snake,Big Boss,Raiden,Liquid Snake,4,Jeux-vidéos
Quelle est la première console de jeu vidéo portable sortie sur le marché?,Game Boy,Atari Lynx,Nintendo DS,Sega Game Gear,5,Jeux-vidéos
Quel est le nom du protagoniste du jeu vidéo "Assassin's Creed"?,Altaïr Ibn-La'Ahad,Ezio Auditore,Edward Kenway,Connor Kenway,4,Jeux-vidéos
Dans quel jeu vidéo peut-on incarner le personnage de Kratos?,God of War,Devil May Cry,Bayonetta,Dark Souls,6,Jeux-vidéos
Quelle est la première console de jeu vidéo produite par Microsoft?,Xbox,Xbox 360,Xbox One,CodyCross,4,Jeux-vidéos
Quel est le nom du studio de développement responsable de la série de jeux vidéo "The Elder Scrolls"?,Bethesda Game Studios,Bioware,Ubisoft,Rockstar Games,9,Jeux-vidéos
Quel est le nom du monde ouvert dans le jeu vidéo "The Legend of Zelda: Breath of the Wild"?,Hyrule,Skyrim,Azeroth,Gotham,3,Jeux-vidéos
Quel est le nom du personnage emblématique du jeu vidéo "Pokémon"?,Pikachu,Dracaufeu,Rondoudou,Mewtwo,1,Jeux-vidéos
Quel est le nom du protagoniste dans le jeu vidéo "Uncharted"?,Nathan Drake,Joel,Ellie,Kratos,9,Jeux-vidéos
Quel est le nom de l'antagoniste principal dans la série de jeux vidéo "Final Fantasy"?,Sephiroth,Kefka Palazzo,Golbez,Ultimecia,10,Jeux-vidéos
Quel est le nom du protagoniste dans le jeu vidéo "Red Dead Redemption 2"?,arthur Morgan,John Marston,Dutch van der Linde,Micah Bell,7,Jeux-vidéos
Quel est le nom du monde virtuel dans le jeu vidéo "World of Warcraft"?,Azeroth,Midgar,Tamriel,Pandora,5,Jeux-vidéos
Quelle est la capacité de stockage maximale de la console de jeu Xbox Series X?,1 To,500 Go,2 To,512 Go,7,Jeux-vidéos
Quel est le nom du personnage principal dans le jeu vidéo "BioShock"?,Jack,Booker DeWitt,Elizabeth,Sander Cohen,10,Jeux-vidéos
Quel pays a remporté le plus grand nombre de Coupes du Monde de football?,Brésil,Allemagne,Italie,Argentine,2,Sport
Quel pays a remporté la Coupe du Monde de football 2018?,France,Brésil,Allemagne,Italie,1,Sport
Quel joueur de basketball est souvent surnommé "King James"?,LeBron James,Kobe Bryant,Michael Jordan,Stephen Curry,1,Sport
Quel est le nom du joueur de tennis suisse qui a remporté 20 titres du Grand Chelem?,Roger Federer,Rafael Nadal,Novak Djokovic,Andy Murray,4,Sport
Dans quel sport peut-on marquer un "touchdown"?,Football américain,Basketball,Rugby,Tennis,2,Sport
Quelle équipe de basketball de la NBA a remporté le plus de championnats?,Boston Celtics,Los Angeles Lakers,Chicago Bulls,Golden State Warriors,8,Sport
Quelle est la distance (en kilomètres) d'un marathon?,42,37,45,50 kilomètres,5,Sport
Quel joueur de football a remporté le Ballon d'Or en 2020?,Messi,Ronaldo,Neymar,Mbappé,3,Sport
Quel est le nom du tournoi de tennis qui se déroule à Wimbledon?,The Championships,Big Open,UK Open,The ChampionsCup,9,Sport
Quel est le nom du célèbre boxeur américain qui a affronté Muhammad Ali lors du "Rumble in the Jungle"?,Géographierge Foreman,Joe Frazier,Mike Tyson,Manny Pacquiao,6,Sport
Quel est le nom du skieur alpin autrichien qui a remporté 8 médailles d'or aux Jeux Olympiques d'hiver?,Marcel Hirscher,Hermann Maier,Bode Miller,Franz Klammer,10,Sport
Quel est le nom du stade de football de Barcelone?,Camp Nou,Santiago Bernabeu,Old Trafford,Anfield,10,Sport
Quel est le nom du célèbre golfeur américain qui a remporté 15 tournois du Grand Chelem?,Tiger Woods,Phil Mickelson,Rory McIlroy,Jordan Spieth,5,Sport
Quelle équipe de baseball a remporté le plus de Séries Mondiales?,New York Yankees,St. Louis Cardinals,Boston Red Sox,Los Angeles Dodgers,10,Sport
Quel est le nom du joueur de basketball qui détient le record du plus grand nombre de points marqués en un seul match de la NBA (100 points)?,Wilt Chamberlain,Kobe Bryant,Michael Jordan,LeBron James,10,Sport
Quel pays a remporté le plus de médailles d'or aux Jeux Olympiques d'été de 2021?,États-Unis,Chine,Japon,Australie,9,Sport
Dans quel sport le terme "grand chelem" désigne-t-il le fait de remporter les quatre tournois majeurs la même année?,Tennis,Golf,Rugby,Cricket,7,Sport
Quel est le nom du célèbre athlète jamaïcain surnommé "Lightning Bolt"?,Usain Bolt,Carl Lewis,Michael Johnson,Mo Farah,1,Sport
Quel groupe de rock britannique est connu pour des chansons comme "Stairway to Heaven" et "Kashmir"?,Led Zeppelin,The Beatles,Queen,The Rolling Stones,5,Musique
Quelle artiste pop est surnommée "Queen of Pop"?,Madonna,Beyoncé,Taylor Swift,Rihanna,3,Musique
Quelle est l'année de sortie de l'album "Thriller" de Michael Jackson?,1982,1984,1986,1988,10,Musique
Quel est le nom du célèbre groupe de rap américain formé par Dr. Dre et Ice Cube?,N.W.A,Wu-Tang Clan,Public Enemy,OutKast,6,Musique
Quelle chanteur a remporté le prix Nobel de littérature en 2016?,Bob Dylan,Leonard Cohen,Paul McCartney,Johnny Cash,7,Musique
Quel est le nom du groupe de rock canadien connu pour des titres comme "Tom Sawyer" et "Limelight"?,Rush,AC/DC,The Who,Pink Floyd,8,Musique
Quel compositeur autrichien est connu pour ses symphonies d(ont la 5e symphonie "La Destinée")?,Beethoven,Mozart,Bach,Schubert,1,Musique
Quel est le nom du groupe de musique électronique français connu pour des chansons comme "One More Time" et "Get Lucky"?,Daft Punk,Justice,Air,Phoenix,2,Musique
Quelle chanteuse est connue pour son album "21" et des chansons comme "Rolling in the Deep" et "Someone Like You"?,Adele,Taylor Swift,Beyoncé,Rihanna,7,Musique
Quel est le nom du groupe de rock américain connu pour des chansons comme "Sweet Child o' Mine" et "November Rain"?,Guns N' Roses,Metallica,Nirvana,AC/DC,10,Musique
Quel est le nom du groupe de rock britannique connu pour des chansons comme "Bohemian Rhapsody" et "We Will Rock You"?,Queen,The Beatles,The Rolling Stones,U2,2,Musique
Quelle est la nationalité du célèbre guitariste espagnol Carlos Santana?,Mexicaine,Américaine,Brésilienne,Espagnole,3,Musique
Quel est le nom de la célèbre chanteuse de soul américaine surnommée "The Queen of Soul"?,Aretha Franklin,Ella Fitzgerald,Nina Simone,Tina Turner,8,Musique
Quel compositeur russe est connu pour ses ballets "Le Lac des cygnes" ainsi que "La Belle au bois dormant" et "Casse-Noisette"?,Tchaïkovski,Rachmaninoff,Stravinsky,Chostakovitch,7,Musique
Quel est le nom du groupe de rock britannique formé par Mick Jagger et Keith Richards?,The Rolling Stones,The Beatles,Queen,U2,4,Musique
Quelle chanteuse américaine est connue pour son album "Back to Black" et des chansons comme "Rehab" et "Valerie"?,Amy Winehouse,Adele,Taylor Swift,Beyoncé,4,Musique
Quel est le nom du groupe de rock américain connu pour des chansons comme "Smells Like Teen Spirit" et "Come as You Are"?,Nirvana,Guns N' Roses,Metallica,AC/DC,4,Musique
Quelle est la valeur de π (pi) arrondie à 4 décimales près ?,3.1416,3.1415,3.1414,3.1413,3,Maths
Combien de côtés a un ennéagone ?,9,7,20,11,7,Maths
Quelle est la racine carrée de 144 ?,12,11,14,15,2,Maths
Quelle est la formule de l'aire d'un cercle ?,A = πr²,A = 2πr,A = πd,A = 4πr,2,Maths
Quel est le nombre d'or (aussi connu sous le nom de phi (φ)) ?,1.618,2.718,3.141,1.414,6,Maths
Quel est le nombre de faces d'un dodécaèdre ?,12,10,8,20,2,Maths
Quelle est la valeur de la constante d'Euler (e) arrondie à deux décimales près ?,2.71,3.14,1.41,2.50,9,Maths
Quel est le théorème qui établit la relation entre les côtés et les angles d'un triangle ?,Théorème de Pythagore,Théorème de Thalès,Théorème de l'angle inscrit,Théorème de la médiane,3,Maths
Quel est le résultat de la factorisation de l'expression suivante : (x+2)(x-3) ?,x^2 - x - 6,x^2 + x - 6,x^2 + x + 6,x^2 - x + 6,5,Maths
Quel est le périmètre d'un cercle ayant un rayon de 5 unités ?,31.42,25.12,15.7,10,7,Maths
Quelle est la valeur de la dérivée de sin(x) par rapport à x ?,cos(x),-cos(x),xcos(x),-xcos(x),3,Maths
Quelle est la dérivée de cos(x) par rapport à x ?,-sin(x),sin(x),xsin(x),-xsin(x),3,Maths
Combien de diagonales possède un octaèdre ?,12,16,24,32,8,Maths
Quel est le résultat de l'intégrale de x^2 par rapport à x ?,1/3x^3 + C,2x + C,x^3 + C,-2x + C,3,Maths
Quelle est la formule de la somme des angles intérieurs d'un polygone à n côtés ?,S = (n - 2) × 180,S = n × 180,S = (n + 2) × 180,S = n × 90,7,Maths
Quel est le résultat de l'équation 2^x = 16 ?,x = 4,x = 2,x = 8,x = 6,2,Maths
Quelle est la dérivée de ln(x) par rapport à x ?,1/x,1/x^2,ln(x)/x,e^x/x,3,Maths
Combien de chiffres contient le nombre 10^100 ?,101,99,100,199,10,Maths
Quelle est la valeur de l'intégrale de sin(x) de 0 à π ?,2,0,1,-1,4,Maths
Quelle est la limite de (1 + 1/n)^n lorsque n tend vers l'infini ?,e,1/2,∞,0,9,Maths
Quelle est la solution de l'équation x^3 + 2x^2 - 5x - 6 = 0 ?,x = -3,x = 2,x = -2,x = 3,5,Maths
Quel est le résultat de la factorisation de l'expression suivante : x^3 - 8 ?,(x - 2)(x^2 + 2x + 4),(x - 2)(x^2 - 2x + 4),(x + 2)(x^2 + 2x - 4),(x + 2)(x^2 - 2x - 4),7,Maths
Quelle est la dérivée de e^x par rapport à x ?,e^x,e^x + C,-e^x,1/e^x,2,Maths
Quelle est la valeur de la limite de 1/x lorsque x tend vers l'infini ?,0,∞,1,-1,2,Maths
Combien font 9 multiplié par 4 ?,36,32,28,40,1,Maths
Quel est le résultat de 20 divisé par 5 ?,4,5,6,8,1,Maths
Quelle est la différence entre 15 et 7 ?,8,7,11,9,1,Maths
Combien font 3 puissance 4 ?,81,27,36,48,2,Maths
Combien font 1/4 multiplié par 4/5 ?,1/5,1/10,3/10,5/20,1,Maths
Quel est le carré de 8 ?,64,48,72,16,1,Maths
Quelle est la valeur de x dans l'équation 3x - 7 = 8 ?,5,6,7,8,3,Maths
Quel est le résultat de 7 divisé par 1/7 ?,49,1,77,343,2,Maths
Quelle est la racine carrée de 81 ?,9,8,7,11,1,Maths
Quelle est la somme de 1/3 et 1/4 ?,7/12,5/12,2/3,7/8,4,Maths
Quel est le résultat de (6 + 3) * 2 ?,18,12,21,24,2,Maths
Combien font 15% de 80 ?,12,10,9,13,4,Maths
Quel est le résultat de 4! (factorielle de 4) ?,24,16,20,28,4,Maths
Quelle est la valeur de x dans l'équation 2x - 5 = 15 ?,10,11,12,13,2,Maths
Combien font 2^3 * 3^2 ?,72,48,96,144,9,Maths
Quel est le résultat de la série 1 + 2 + 3 + ... + 10 ?,55,45,50,60,7,Maths
Quel sport est associé à Lionel Messi?,Football,Tennis,Basketball,Golf,1,Sport
Quel est le joueur de basket-ball le plus titré de tous les temps?,Bill Russell,Michael Jordan,LeBron James,Kobe Bryant,6,Sport
Dans quel pays est né le jeu de cricket?,Angleterre,Inde,Australie,Afrique du Sud,2,Sport
Quel pays a remporté la Coupe du Monde de rugby en 2019?,Afrique du Sud,Angleterre,Nouvelle-Zélande,Australie,5,Sport
Dans quel sport le terme "strike" est-il utilisé?,Bowling,Baseball,Tennis de table,Boxe,1,Sport
Quelle équipe a remporté le Super Bowl en 2020?,Kansas City Chiefs,San Francisco 49ers,New England Patriots,Seattle Seahawks,7,Sport
Quel pays a remporté le plus de médailles d'or aux Jeux Olympiques d'été?,États-Unis,Chine,Russie,Grande-Bretagne,9,Sport
Dans quel pays se déroule le Tour de France chaque année?,France,Italie,Espagne,Allemagne,1,Sport
Quelle est la plus haute division de football en Espagne?,La Liga,Segunda Division,Premier Division,Serie A,3,Sport
Quel joueur de tennis a remporté le plus de titres du Grand Chelem?,Roger Federer,Rafael Nadal,Novak Djokovic,Pete Sampras,6,Sport
Quelle est la longueur réglementaire d'un terrain de football?,100-110 mètres,90-100 mètres,110-120 mètres,80-90 mètres,4,Sport
Dans quel sport les termes "birdie" et "eagle" sont-ils utilisés?,Golf,Tennis,Basketball,Rugby,3,Sport
Quelle équipe a remporté le plus de titres de la Ligue des Champions de l'UEFA?,Real Madrid,Barcelone,Bayern Munich,Liverpool,7,Sport
Dans quel pays est né le judo?,Japon,Chine,Corée du Sud,Vietnam,2,Sport
Quel joueur de football a remporté le Ballon d'Or en 2020?,Lionel Messi,Cristiano Ronaldo,Neymar,Kylian Mbappé,6,Sport
Quelle est la durée d'un match de basket-ball de la NBA?,48 minutes,40 minutes,60 minutes,30 minutes,4,Sport
Dans quel sport le terme "deuce" est-il utilisé?,Tennis,Badminton,Volleyball,Hockey sur glace,3,Sport
Quel pays a remporté la Coupe du Monde de football en 2018?,France,Croatie,Brésil,Allemagne,8,Sport
Quelle équipe a remporté le Championnat d'Europe de football en 2020?,Italie,Angleterre,France,Portugal,7,Sport
Dans quel sport le terme "stumped" est-il utilisé?,Cricket,Rugby,Baseball,Hockey sur gazon,3,Sport
Quelle est la hauteur réglementaire d'un panier de basket-ball?,3.05 mètres,2.74 mètres,3 mètres,3.35 mètres,4,Sport
Dans quel pays est né le jeu de rugby?,Angleterre,Australie,Nouvelle-Zélande,Écosse,2,Sport
Quel pays a remporté le plus de médailles d'or aux Jeux Olympiques d'hiver?,Norvège,États-Unis,Allemagne,Russie,9,Sport
Dans quel pays se déroulent les Internationaux de France de tennis?,France,États-Unis,Australie,Royaume-Uni,5,Sport
Quelle est la plus haute division de football en Angleterre?,Premier League,Championship,League One,Serie A,4,Sport
Quel joueur de tennis a remporté le plus de titres en simple à Wimbledon?,Roger Federer,Rafael Nadal,Novak Djokovic,Pete Sampras,6,Sport
Dans quel sport le terme "triple-double" est-il utilisé?,Basketball,Hockey sur glace,Football américain,Baseball,4,Sport
Quelle équipe a remporté le plus de titres de la Coupe du Monde de la FIFA?,Brésil,Allemagne,Italie,Argentine,7,Sport
Dans quel pays est né le karaté?,Japon,Chine,Corée du Sud,Thaïlande,2,Sport
Quel joueur de football a remporté le Ballon d'Or en 2019?,Lionel Messi,Cristiano Ronaldo,Neymar,Kylian Mbappé,6,Sport
Quelle est la durée réglementaire d'un match de hockey sur glace?,60 minutes,90 minutes,45 minutes,120 minutes,5,Sport
Dans quel sport le terme "love" est-il utilisé?,Tennis,Cricket,Volleyball,Golf,2,Sport
Quel pays a remporté la Coupe du Monde de rugby en 2015?,Nouvelle-Zélande,Australie,Afrique du Sud,Angleterre,8,Sport
Quelle équipe a remporté le plus de titres de la Ligue des Champions de l'UEFA?,Real Madrid,Barcelone,Bayern Munich,Liverpool,7,Sport
Dans quel pays est né le taekwondo?,Corée du Sud,Chine,Japon,Vietnam,3,Sport
Quel joueur de football a remporté le Ballon d'Or en 2018?,Luka Modric,Cristiano Ronaldo,Neymar,Lionel Messi,6,Sport
Quelle est la durée réglementaire d'un match de handball?,60 minutes,90 minutes,45 minutes,120 minutes,4,Sport
Dans quel sport le terme "ace" est-il utilisé?,Tennis,Golf,Bowling,Boxe,2,Sport
Quel pays a remporté le plus de médailles d'or aux Jeux Olympiques?,États-Unis,Chine,Russie,Grande-Bretagne,9,Sport
Quelle équipe a remporté la Coupe du Monde de football en 2014?,Allemagne,Argentine,Brésil,Italie,8,Sport
Dans quel sport le terme "double fault" est-il utilisé?,Tennis,Baseball,Football américain,Badminton,3,Sport
Quel pays a remporté le Tournoi des Six Nations de rugby en 2020?,Angleterre,France,Irlande,Pays de Galles,7,Sport
Dans quel pays est né le jeu de golf?,Écosse,Angleterre,Irlande,États-Unis,2,Sport
Quel est le joueur de basket-ball le plus grand de tous les temps?,Gheorghe Muresan,Yao Ming,Shaquille O'Neal,Kareem Abdul-Jabbar,5,Sport
Dans quel sport le terme "free kick" est-il utilisé?,Football,Athlétisme,Hockey sur glace,Basketball,3,Sport
Quel pays a remporté le plus de médailles d'or aux Jeux Olympiques de 2016?,États-Unis,Chine,Grande-Bretagne,Russie,9,Sport
Dans quel pays se déroulent les Internationaux des États-Unis de tennis?,États-Unis,France,Australie,Royaume-Uni,5,Sport
Quelle est la plus haute division de football en Allemagne?,Bundesliga,2. Bundesliga,3. Liga,Serie A,4,Sport
Quel joueur de tennis a remporté le plus de titres du Grand Chelem en simple?,Roger Federer,Rafael Nadal,Novak Djokovic,Pete Sampras,6,Sport
Dans quel sport le terme "knockout" est-il utilisé?,Boxe,MMA,Tennis,Golf,3,Sport
Quel pays a remporté la Coupe du Monde de football en 2010?,Espagne,Pays-Bas,Allemagne,Argentine,8,Sport
Quelle équipe a remporté le Championnat d'Europe de football en 2016?,Portugal,France,Allemagne,Espagne,7,Sport
Dans quel pays est né le jeu de badminton?,Angleterre,Inde,Chine,Indonésie,2,Sport
Quel joueur de football a remporté le Ballon d'Or en 2017?,Cristiano Ronaldo,Lionel Messi,Neymar,Kylian Mbappé,6,Sport
Quelle est la durée réglementaire d'un match de rugby à XV?,80 minutes,90 minutes,70 minutes,100 minutes,4,Sport
Dans quel sport le terme "fault" est-il utilisé?,Tennis,Volleyball,Hockey sur glace,Boxe,2,Sport
Quel pays a remporté la Coupe du Monde de rugby en 2011?,Nouvelle-Zélande,Australie,Afrique du Sud,France,8,Sport
Quelle équipe a remporté le plus de titres de la Ligue des Champions de l'UEFA?,Real Madrid,Barcelone,Bayern Munich,AC Milan,7,Sport
Dans quel pays est né le sport du Muay Thai?,Thaïlande,Chine,Japon,Corée du Sud,2,Sport
Quel joueur de football a remporté le Ballon d'Or en 2016?,Cristiano Ronaldo,Lionel Messi,Neymar,Gareth Bale,6,Sport
Quelle est la durée réglementaire d'un match de volleyball?,60 minutes,90 minutes,45 minutes,120 minutes,3,Sport
Dans quel sport le terme "bogey" est-il utilisé?,Golf,Tennis,Basketball,Rugby,3,Sport
Quel pays a remporté le plus de médailles d'or aux Jeux Olympiques d'hiver 2018?,Norvège,Allemagne,Canada,États-Unis,9,Sport
Dans quel pays se déroulent les Internationaux de tennis d'Australie?,Australie,États-Unis,France,Royaume-Uni,5,Sport
Quelle est la plus haute division de football en Italie?,Serie A,Serie B,Serie C,Premier League,4,Sport
Quel joueur de tennis a remporté le plus de titres en simple à l'US Open?,Roger Federer,Rafael Nadal,Novak Djokovic,Pete Sampras,6,Sport
Dans quel sport le terme "slam dunk" est-il utilisé?,Basketball,Volleyball,Tennis,Hockey sur glace,3,Sport
Quelle équipe a remporté le plus de titres de la Copa América?,Uruguay,Argentine,Brésil,Chili,7,Sport
Dans quel pays est né le sport du Jiu-Jitsu brésilien?,Brésil,Japon,Chine,Thaïlande,2,Sport
Quel joueur de football a remporté le Ballon d'Or en 2015?,Lionel Messi,Cristiano Ronaldo,Neymar,Andrés Iniesta,6,Sport
Quelle est la durée réglementaire d'un match de basket-ball universitaire aux États-Unis?,40 minutes,60 minutes,30 minutes,50 minutes,4,Sport
Dans quel sport le terme "let" est-il utilisé?,Tennis,Tennis de table,Golf,Badminton,2,Sport
Quel pays a remporté la Coupe du Monde de rugby en 2007?,Afrique du Sud,Angleterre,Nouvelle-Zélande,Australie,8,Sport
Quelle équipe a remporté le plus de titres de la Ligue des Champions de l'UEFA?,Real Madrid,Barcelone,Bayern Munich,Liverpool,7,Sport
Dans quel pays est né le jeu d'échecs?,Inde,Chine,Grèce,Iran,2,Sport
Quel joueur de football a remporté le Ballon d'Or en 2014?,Cristiano Ronaldo,Lionel Messi,Neymar,Manuel Neuer,6,Sport
Quelle est la durée réglementaire d'un match de football américain de la NFL?,60 minutes,90 minutes,45 minutes,120 minutes,5,Sport
Dans quel sport le terme "forehand" est-il utilisé?,Tennis,Golf,Basketball,Rugby,2,Sport
Quel pays a remporté le plus de médailles d'or aux Jeux Olympiques de 2012?,États-Unis,Chine,Russie,Grande-Bretagne,9,Sport
Quelle équipe a remporté la Coupe du Monde de football en 2006?,Italie,France,Brésil,Allemagne,8,Sport
Dans quel sport le terme "home run" est-il utilisé?,Baseball,Cricket,Rugby,Tennis,3,Sport
Quel pays a remporté le Tournoi des Six Nations de rugby en 2021?,Pays de Galles,Angleterre,Irlande,Écosse,7,Sport
Dans quel pays est né le jeu de basketball?,États-Unis,Canada,France,Australie,2,Sport
Quel est le joueur de basket-ball le plus petit de tous les temps à jouer en NBA?,Tyrone "Muggsy" Bogues,Allen Iverson,Spud Webb,Chris Paul,5,Sport
Dans quel sport le terme "penalty" est-il utilisé?,Football,Hockey sur glace,Handball,Basketball,3,Sport
Quel pays a remporté le plus de médailles d'or aux Jeux Olympiques d'hiver?,Norvège,États-Unis,Allemagne,Russie,9,Sport
Dans quel pays se déroulent les Internationaux de tennis de Wimbledon?,Royaume-Uni,États-Unis,Australie,France,5,Sport
Quelle est la plus haute division de football en Espagne?,La Liga,Segunda Division,Premier Division,Serie A,4,Sport
Quel joueur de tennis a remporté le plus de titres du Grand Chelem en simple chez les femmes?,Serena Williams,Steffi Graf,Margaret Court,Naomi Osaka,6,Sport
Dans quel sport le terme "offside" est-il utilisé?,Football,Hockey sur glace,Handball,Tennis,3,Sport
Quel pays a remporté la Coupe du Monde de rugby en 2003?,Angleterre,Australie,Nouvelle-Zélande,Afrique du Sud,8,Sport
Quelle équipe a remporté le plus de titres de la Ligue des Champions de l'UEFA?,Real Madrid,Barcelone,Bayern Munich,Liverpool,7,Sport
Dans quel pays est né le kung-fu?,Chine,Japon,Thaïlande,Corée du Sud,2,Sport
Quel joueur de football a remporté le Ballon d'Or en 2013?,Cristiano Ronaldo,Lionel Messi,Neymar,Franck Ribéry,6,Sport
Quelle est la durée réglementaire d'un match de handball?,60 minutes,90 minutes,45 minutes,120 minutes,4,Sport
Dans quel sport le terme "fore" est-il utilisé?,Golf,Tennis,Basketball,Hockey sur glace,2,Sport
Quel pays a remporté la Coupe du Monde de rugby en 1999?,Australie,France,Nouvelle-Zélande,Afrique du Sud,8,Sport
Quelle équipe a remporté le plus de titres de la Ligue des Champions de l'UEFA?,Real Madrid,Barcelone,Bayern Munich,AC Milan,7,Sport
Dans quel pays est né le sport du taekwondo?,Corée du Sud,Chine,Japon,Vietnam,3,Sport
Quel joueur de football a remporté le Ballon d'Or en 2012?,Lionel Messi,Cristiano Ronaldo,Andrés Iniesta,Xavi Hernández,6,Sport
Quel groupe de rock britannique a enregistré l'album "Stairway to Heaven"?,Led Zeppelin,Queen,The Rolling Stones,Pink Floyd,7,Musique
Quel est l'instrument principal de la pianiste et compositrice Clara Schumann?,Piano,Violon,Flûte,Harpe,5,Musique
Dans quel pays est né le compositeur Ludwig van Beethoven?,Allemagne,Autriche,France,Russie,2,Musique
Quelle chanteuse est connue pour son tube "Like a Virgin"?,Madonna,Beyoncé,Rihanna,Taylor Swift,4,Musique
Dans quel genre musical le chanteur Bob Marley est-il principalement connu?,Reggae,Rock,Rap,Jazz,3,Musique
Quel est le nom complet du rappeur Eminem?,Marshall Bruce Mathers III,Dwayne Michael Carter Jr.,Calvin Cordozar Broadus Jr.,Shawn Corey Carter,6,Musique
Quelle chanteuse a interprété la chanson "Rolling in the Deep"?,Adele,Taylor Swift,Katy Perry,Lady Gaga,5,Musique
Dans quel pays est né le compositeur Frédéric Chopin?,Pologne,France,Allemagne,Russie,2,Musique
Quel est le groupe de rock américain connu pour les chansons "Sweet Child O' Mine" et "November Rain"?,Guns N' Roses,Nirvana,AC/DC,Queen,7,Musique
Quel est l'instrument principal du musicien Yo-Yo Ma?,Violoncelle,Piano,Flûte,Guitare,4,Musique
Dans quel pays est né le chanteur et compositeur John Lennon?,Angleterre,États-Unis,Australie,Canada,2,Musique
Quel groupe de musique a enregistré la chanson "Bohemian Rhapsody"?,Queen,The Beatles,The Rolling Stones,ABBA,8,Musique
Quel est le genre musical principalement associé au chanteur Elvis Presley?,Rock 'n' Roll,Country,Rap,Pop,4,Musique
Dans quel pays est né le compositeur Wolfgang Amadeus Mozart?,Autriche,Allemagne,Italie,France,2,Musique
Quelle chanteuse a interprété la chanson "Hello"?,Adele,Taylor Swift,Beyoncé,Rihanna,5,Musique
Quel groupe de musique a enregistré la chanson "Imagine"?,The Beatles,Queen,Nirvana,Coldplay,7,Musique
Quel est l'instrument principal du musicien Charlie Parker?,Saxophone,Clarinet,Trompette,Guitare,4,Musique
Quelle chanteuse est connue pour son album "Lemonade"?,Beyoncé,Madonna,Rihanna,Taylor Swift,5,Musique
Dans quel genre musical le groupe ABBA est-il principalement connu?,Pop,Disco,Rock,Rap,3,Musique
Quel est le nom complet du chanteur et compositeur Freddie Mercury?,Farrokh Bulsara,Elton John,Stefani Germanotta,Robert Zimmerman,6,Musique
Dans quel pays est né le compositeur Johann Sebastian Bach?,Allemagne,Autriche,France,Russie,2,Musique
Quelle chanteuse a interprété la chanson "Single Ladies (Put a Ring on It)"?,Beyoncé,Taylor Swift,Katy Perry,Lady Gaga,5,Musique
Quel groupe de rock britannique a enregistré l'album "The Dark Side of the Moon"?,Pink Floyd,The Beatles,Led Zeppelin,The Rolling Stones,7,Musique
Quel est l'instrument principal du musicien Jimi Hendrix?,Guitare,Batterie,Basse,Clavier,4,Musique
Dans quel pays est né le compositeur Franz Schubert?,Autriche,Allemagne,Italie,France,2,Musique
Quelle chanteuse est connue pour son album "Reputation"?,Taylor Swift,Adele,Beyoncé,Rihanna,5,Musique
Dans quel genre musical le chanteur Michael Jackson est-il principalement connu?,Pop,R&B,Rock,Country,3,Musique
Quel est le nom complet du chanteur et compositeur Stevie Wonder?,Stevland Hardaway Judkins,Elton John,Calvin Cordozar Broadus Jr.,Robert Zimmerman,6,Musique
Quel compositeur a écrit la Symphonie n°40 en sol mineur?,Wolfgang Amadeus Mozart,Ludwig van Beethoven,Johann Sebastian Bach,Antonín Dvořák,6,Musique
Quelle chanteuse a interprété la chanson "Wrecking Ball"?,Miley Cyrus,Taylor Swift,Katy Perry,Lady Gaga,5,Musique
Quel groupe de musique a enregistré la chanson "Hotel California"?,The Eagles,The Rolling Stones,AC/DC,Queen,7,Musique
Quel est l'instrument principal du musicien Louis Armstrong?,Trompette,Saxophone,Clarinette,Guitare,4,Musique
Dans quel pays est né le compositeur Johann Strauss II?,Autriche,Allemagne,Italie,France,2,Musique
Quelle chanteuse est connue pour son album "Born This Way"?,Lady Gaga,Beyoncé,Madonna,Rihanna,5,Musique
Dans quel genre musical le groupe The Beatles est-il principalement connu?,Rock,Pop,Rap,Jazz,3,Musique
Quel est le nom complet de la chanteuse et compositrice Lady Gaga?,Stefani Germanotta,Beyoncé Knowles,Adele Laurie Blue Adkins,Taylor Alison Swift,6,Musique
Quelle chanteuse a interprété la chanson "Umbrella"?,Rihanna,Taylor Swift,Beyoncé,Madonna,5,Musique
Quel groupe de musique a enregistré la chanson "Smells Like Teen Spirit"?,Nirvana,Queen,AC/DC,The Beatles,7,Musique
Quel est l'instrument principal du musicien Miles Davis?,Trompette,Saxophone,Clarinette,Guitare,4,Musique
Dans quel pays est né le compositeur Franz Joseph Haydn?,Autriche,Allemagne,Italie,France,2,Musique
Quelle chanteuse est connue pour son album "1989"?,Taylor Swift,Adele,Beyoncé,Rihanna,5,Musique
Dans quel genre musical le groupe Queen est-il principalement connu?,Rock,Pop,Rap,Jazz,3,Musique
Quel est le nom complet de la chanteuse et compositrice Adele?,Adele Laurie Blue Adkins,Beyoncé Knowles,Stefani Germanotta,Taylor Alison Swift,6,Musique
Quelle chanteuse a interprété la chanson "Crazy in Love"?,Beyoncé,Taylor Swift,Katy Perry,Rihanna,5,Musique
Quel groupe de musique a enregistré la chanson "Hey Jude"?,The Beatles,Queen,Nirvana,Coldplay,7,Musique
Quel est l'instrument principal du musicien Johann Sebastian Bach?,Orgue,Piano,Violon,Guitare,4,Musique
Dans quel pays est né le compositeur Frédéric François Chopin?,Pologne,France,Allemagne,Russie,2,Musique
Quelle chanteuse est connue pour son album "Good Girl Gone Bad"?,Rihanna,Taylor Swift,Beyoncé,Madonna,5,Musique
Dans quel genre musical le chanteur Frank Sinatra est-il principalement connu?,Jazz,Pop,Rock,Rap,3,Musique
Quel est le nom complet du chanteur et compositeur Elton John?,Reginald Kenneth Dwight,Farrokh Bulsara,Stefani Germanotta,Robert Zimmerman,6,Musique
Quel compositeur a écrit la Symphonie n°7 en la majeur?,Ludwig van Beethoven,Wolfgang Amadeus Mozart,Johann Sebastian Bach,Antonín Dvořák,6,Musique
Quelle chanteuse a interprété la chanson "Someone Like You"?,Adele,Taylor Swift,Katy Perry,Lady Gaga,5,Musique
Quel groupe de rock britannique a enregistré l'album "Abbey Road"?,The Beatles,Queen,Led Zeppelin,The Rolling Stones,7,Musique
Quel est l'instrument principal du musicien Antonio Vivaldi?,Violon,Piano,Flûte,Guitare,4,Musique
Dans quel pays est né le compositeur Giuseppe Verdi?,Italie,Allemagne,Autriche,France,2,Musique
Quelle chanteuse est connue pour son album "Teenage Dream"?,Katy Perry,Beyoncé,Madonna,Rihanna,5,Musique
Dans quel genre musical le groupe AC/DC est-il principalement connu?,Rock,Pop,Rap,Jazz,3,Musique
Quel est le nom complet de la chanteuse et compositrice Taylor Swift?,Taylor Alison Swift,Beyoncé Knowles,Adele Laurie Blue Adkins,Stefani Germanotta,6,Musique
Quelle chanteuse a interprété la chanson "Vogue"?,Madonna,Taylor Swift,Katy Perry,Lady Gaga,5,Musique
Quel groupe de musique a enregistré la chanson "Boys Don't Cry"?,The Cure,The Rolling Stones,AC/DC,Queen,7,Musique
Quel est l'instrument principal du musicien Django Reinhardt?,Guitare,Violon,Saxophone,Clarinette,4,Musique
Dans quel pays est né le compositeur Pyotr Ilyich Tchaikovsky?,Russie,Allemagne,Italie,France,2,Musique
Quelle chanteuse est connue pour son album "Blackout"?,Britney Spears,Beyoncé,Madonna,Rihanna,5,Musique
Dans quel genre musical le chanteur Frank Zappa est-il principalement connu?,Rock,Pop,Jazz,Rap,3,Musique
Quel est le nom complet du chanteur et compositeur Bob Marley?,Robert Nesta Marley,Farrokh Bulsara,Stefani Germanotta,Reginald Kenneth Dwight,6,Musique
Quelle chanteuse a interprété la chanson "Bad Romance"?,Lady Gaga,Taylor Swift,Katy Perry,Rihanna,5,Musique
Quel groupe de musique a enregistré la chanson "Come Together"?,The Beatles,Queen,Nirvana,Coldplay,7,Musique
Quel est l'instrument principal du musicien Johann Pachelbel?,Orgue,Piano,Violon,Guitare,4,Musique
Dans quel pays est né le compositeur Claude Debussy?,France,Allemagne,Italie,Autriche,2,Musique
Quelle chanteuse est connue pour son album "The Fame"?,Lady Gaga,Beyoncé,Madonna,Rihanna,5,Musique
Dans quel genre musical le groupe Coldplay est-il principalement connu?,Pop,Rock,Rap,Jazz,3,Musique
Quel est le nom complet de la chanteuse et compositrice Rihanna?,Robyn Rihanna Fenty,Beyoncé Knowles,Adele Laurie Blue Adkins,Taylor Alison Swift,6,Musique
Quelle chanteuse a interprété la chanson "I Will Always Love You"?,Whitney Houston,Taylor Swift,Katy Perry,Lady Gaga,5,Musique
Quel groupe de rock britannique a enregistré l'album "Sgt. Pepper's Lonely Hearts Club Band"?,The Beatles,Queen,Led Zeppelin,The Rolling Stones,7,Musique
Quel est l'instrument principal du musicienBob Dylan?,Guitare,Harmonica,Piano,Batterie,4,Musique
Dans quel pays est né le compositeur Igor Stravinsky?,Russie,Allemagne,France,Italie,2,Musique
Quelle chanteuse est connue pour son album "21"?,Adele,Beyoncé,Madonna,Rihanna,5,Musique
Dans quel genre musical le groupe Nirvana est-il principalement connu?,Rock,Pop,Rap,Jazz,3,Musique
Quel est le nom complet de la chanteuse et compositrice Katy Perry?,Katheryn Elizabeth Hudson,Beyoncé Knowles,Adele Laurie Blue Adkins,Taylor Alison Swift,6,Musique
Quelle chanteuse a interprété la chanson "Rolling in the Deep"?,Adele,Taylor Swift,Katy Perry,Lady Gaga,5,Musique
Quel groupe de musique a enregistré la chanson "Stairway to Heaven"?,Led Zeppelin,The Rolling Stones,AC/DC,Queen,7,Musique
Quel est l'instrument principal du musicien Ray Charles?,Piano,Voix,Trompette,Guitare,4,Musique
Dans quel pays est né le compositeur Frédéric Chopin?,Pologne,France,Allemagne,Russie,2,Musique
Quelle chanteuse est connue pour son album "Like a Prayer"?,Madonna,Beyoncé,Taylor Swift,Rihanna,5,Musique
Dans quel genre musical le chanteur Louis Armstrong est-il principalement connu?,Jazz,Pop,Rock,Rap,3,Musique
Quel est le nom complet du chanteur et compositeur David Bowie?,David Robert Jones,Farrokh Bulsara,Stefani Germanotta,Reginald Kenneth Dwight,6,Musique
Quelle chanteuse a interprété la chanson "Poker Face"?,Lady Gaga,Taylor Swift,Katy Perry,Rihanna,5,Musique
Quel groupe de rock britannique a enregistré l'album "Exile on Main St."?,The Rolling Stones,The Beatles,Led Zeppelin,Queen,7,Musique
Quel est l'instrument principal du musicien Johann Strauss II?,Violon,Flûte,Piano,Guitare,4,Musique
Dans quel pays est né le compositeur Richard Wagner?,Allemagne,Autriche,France,Italie,2,Musique
Quelle chanteuse est connue pour son album "The Immaculate Collection"?,Madonna,Beyoncé,Taylor Swift,Rihanna,5,Musique
Combien font 1/2 + 1/3 + 1/4 ?,11/12,7/12,5/6,3/4,9,Maths
En quelle année a eu lieu la Révolution française?,1789,1799,1804,1815,5,Histoire
Quel empereur romain a construit le Colisée à Rome?,Vespasien,Trajan,Constantin,Auguste,4,Histoire
Dans quel pays s'est déroulée la Révolution russe de 1917?,Russie,Allemagne,France,Italie,5,Histoire
Quel événement a marqué la fin de la Seconde Guerre mondiale en Europe?,La capitulation de l'Allemagne,Le bombardement de Hiroshima,L'attaque de Pearl Harbor,La bataille de Stalingrad,6,Histoire
Dans quelle ville s'est déroulée la Conférence de Yalta en 1945?,Yalta,Potsdam,Genève,Paris,4,Histoire
Quel roi de France a été guillotiné lors de la Révolution française?,Louis XVI,Louis XIV,Louis XV,Napoléon Bonaparte,7,Histoire
Quelle civilisation a construit la Grande Muraille de Chine?,La civilisation chinoise,La civilisation égyptienne,La civilisation romaine,La civilisation grecque,5,Histoire
Dans quel pays s'est déroulée la Révolution américaine?,États-Unis,Royaume-Uni,France,Espagne,6,Histoire
Dans quel pays se trouvait la cité antique de Carthage?,Tunisie,Égypte,Italie,Grèce,3,Histoire
Quel explorateur a découvert l'Amérique en 1492?,Christophe Colomb,Vasco de Gama,Ferdinand Magellan,Amerigo Vespucci,7,Histoire
Dans quel pays s'est déroulée la Révolution industrielle?,Royaume-Uni,France,Allemagne,États-Unis,6,Histoire
Quel empereur romain a fondé la ville de Constantinople?,Constantin Ier,Auguste,Néron,Trajan,5,Histoire
Dans quelle ville a commencé la Première Guerre mondiale?,Sarajevo,Londres,Berlin,Paris,7,Histoire
Quelle dynastie chinoise a construit la Cité interdite à Pékin?,La dynastie Ming,La dynastie Qing,La dynastie Tang,La dynastie Han,4,Histoire
Dans quel pays s'est déroulée la Révolution mexicaine de 1910?,Mexique,États-Unis,Brésil,Argentine,5,Histoire
Quel événement a marqué la fin de la Guerre froide?,La chute du mur de Berlin,La création de l'Union européenne,La crise des missiles de Cuba,La réunification de l'Allemagne,7,Histoire
Quel pharaon égyptien a construit les pyramides de Gizeh?,Khéops,Toutankhamon,Ramsès II,Akhénaton,6,Histoire
Dans quelle ville s'est déroulée la révolte de la Commune en 1871?,Paris,Londres,Berlin,Rome,7,Histoire
Quel pays a été le premier à atteindre l'espace avec un satellite artificiel?,L'Union soviétique,Les États-Unis,La France,L'Allemagne,6,Histoire
Dans quel pays se trouve la ville antique de Pompéi?,Italie,Grèce,Turquie,Égypte,4,Histoire
Quel explorateur portugais a ouvert la route maritime vers l'Inde?,Vasco de Gama,Christophe Colomb,Ferdinand Magellan,Henri le Navigateur,5,Histoire
Dans quel pays s'est déroulée la Révolution d'octobre en 1917?,Russie,Allemagne,France,Italie,6,Histoire
Quelle civilisation a construit les pyramides de Teotihuacan au Mexique?,La civilisation mésoaméricaine,La civilisation égyptienne,La civilisation grecque,La civilisation chinoise,5,Histoire
Dans quel pays s'est déroulée la Révolution cubaine de 1959?,Cuba,États-Unis,Mexique,Argentine,5,Histoire
Dans quelle ville se trouve le palais de l'Alhambra construit par les Maures?,Grenade,Barcelone,Madrid,Séville,4,Histoire
Quel empereur romain a construit le Mur d'Hadrien en Grande-Bretagne?,Hadrien,Auguste,Néron,Trajan,5,Histoire
Dans quel pays s'est déroulée la Révolution iranienne de 1979?,Iran,États-Unis,Irak,Arabie saoudite,6,Histoire
Quel événement a marqué la fin de la guerre du Viêt Nam?,La chute de Saïgon,La bataille de Khe Sanh,Le massacre de My Lai,La bataille de Hamburger Hill,7,Histoire
Quelle dynastie française a construit le château de Versailles?,La dynastie des Bourbons,La dynastie des Capétiens,La dynastie des Valois,La dynastie des Carolingiens,4,Histoire
Dans quel pays s'est déroulée la Révolution haïtienne de 1791?,Haïti,France,États-Unis,Canada,5,Histoire
Quel événement a marqué le début de la Première Guerre mondiale?,L'assassinat de l'archiduc François-Ferdinand,L'attaque de Pearl Harbor,La bataille de Verdun,La révolution russe,7,Histoire
Quel empereur romain a construit le mur de Antonin en Écosse?,Antonin le Pieux,Auguste,Néron,Trajan,5,Histoire
Dans quel pays s'est déroulée la Révolution chinoise de 1949?,Chine,États-Unis,Russie,Japon,6,Histoire
Dans quelle ville se trouve le site archéologique de Chichén Itzá?,Mexique,Brésil,Pérou,Égypte,4,Histoire
Dans quel pays s'est déroulée la Révolution des œillets en 1974?,Portugal,Espagne,France,Italie,6,Histoire
Quel roi d'Angleterre a signé la Magna Carta en 1215?,Jean sans Terre,Guillaume le Conquérant,Édouard III,Richard Cœur de Lion,5,Histoire
Quelle civilisation a construit les temples d'Angkor au Cambodge?,La civilisation khmère,La civilisation égyptienne,La civilisation romaine,La civilisation grecque,5,Histoire
Dans quel pays s'est déroulée la Révolution bolchevique de 1917?,Russie,Allemagne,France,Italie,6,Histoire
Quel événement a marqué la fin de la Guerre de Cent Ans?,La bataille de Castillon,La bataille d'Azincourt,La prise de Calais,Le traité de Troyes,7,Histoire
Dans quelle ville s'est déroulée la conférence de Casablanca en 1943?,Casablanca,Rabat,Tanger,Marrakech,4,Histoire
Quelle dynastie a construit la Grande Muraille de Chine?,La dynastie des Qin,La dynastie des Tang,La dynastie des Ming,La dynastie des Qing,5,Histoire
Dans quel pays s'est déroulée la Révolution irlandaise de 1916?,Irlande,Royaume-Uni,États-Unis,France,5,Histoire
Quel événement a marqué le début de la guerre d'indépendance des États-Unis?,La bataille de Lexington et Concord,La déclaration d'indépendance,La bataille de Yorktown,La bataille de Saratoga,7,Histoire
Dans quel pays se trouve la ville antique de Petra?,Jordanie,Égypte,Turquie,Grèce,4,Histoire
Dans quelle ville s'est déroulée la Révolution industrielle en Europe?,Manchester,Londres,Paris,Berlin,6,Histoire
Quel empereur romain a construit le Panthéon à Rome?,Hadrien,Auguste,Néron,Trajan,5,Histoire
Dans quel pays s'est déroulée la Révolution hongroise de 1956?,Hongrie,URSS,Allemagne,Pologne,5,Histoire
Quel événement a marqué la fin de la guerre d'indépendance du Mexique?,La capture de l'empereur Maximilien,La bataille de Puebla,La bataille de Churubusco,Le siège de Mexico,7,Histoire
Quelle dynastie a construit les temples d'Abou Simbel en Égypte?,La dynastie des Pharaons,La dynastie des Ptolémées,La dynastie des Ramsès,La dynastie des Thoutmôsis,5,Histoire
Dans quel pays s'est déroulée la Révolution sud-africaine de 1910?,Afrique du Sud,Royaume-Uni,France,Allemagne,5,Histoire
Quel événement a marqué le début de la guerre du Golfe en 1990?,L'invasion du Koweït par l'Irak,La révolution iranienne,Les attentats du 11 septembre,La création de l'État d'Israël,7,Histoire
Dans quelle ville se trouve le site archéologique de Tikal?,Guatemala,Mexique,Pérou,Bolivie,4,Histoire
Dans quel pays s'est déroulée la Révolution des clavecinistes en 1733?,France,Allemagne,Italie,Angleterre,6,Histoire
Quel roi de France a construit le château de Chambord?,François Ier,Louis XIV,Louis XVI,Charles VII,4,Histoire
Dans quel pays s'est déroulée la Révolution de velours en 1989?,Tchécoslovaquie,Russie,Pologne,Hongrie,6,Histoire
Quel événement a marqué la fin de la guerre du Pacifique en 1945?,La capitulation du Japon,Le bombardement de Hiroshima,La bataille de Midway,La bataille d'Iwo Jima,7,Histoire
Quel empereur romain a construit les thermes de Caracalla à Rome?,Caracalla,Auguste,Néron,Trajan,5,Histoire
Dans quel pays s'est déroulée la Révolution égyptienne de 1952?,Égypte,Royaume-Uni,France,Italie,5,Histoire
Quel événement a marqué le début de la guerre de Sécession aux États-Unis?,L'attaque de Fort Sumter,La bataille de Gettysburg,La proclamation d'émancipation,La prise de Richmond,7,Histoire
Dans quelle ville s'est déroulée la conférence de Potsdam en 1945?,Potsdam,Berlin,Genève,Vienne,4,Histoire
Quelle dynastie a construit le Taj Mahal en Inde?,La dynastie des Moghols,La dynastie des Maurya,La dynastie des Gupta,La dynastie des Chola,5,Histoire
Dans quel pays s'est déroulée la Révolution des Œillets en 1974?,Portugal,Espagne,France,Italie,6,Histoire
Quel roi d'Angleterre a signé la Magna Carta en 1215?,Jean sans Terre,Guillaume le Conquérant,Édouard III,Richard Cœur de Lion,5,Histoire
Quelle civilisation a construit les pyramides de Teotihuacan au Mexique?,La civilisation mésoaméricaine,La civilisation égyptienne,La civilisation grecque,La civilisation chinoise,5,Histoire
Dans quel pays s'est déroulée la Révolution bolchevique de 1917?,Russie,Allemagne,France,Italie,6,Histoire
Quel événement a marqué la fin de la Guerre de Cent Ans?,La bataille de Castillon,La bataille d'Azincourt,La prise de Calais,Le traité de Troyes,7,Histoire
Dans quelle ville s'est déroulée la conférence de Casablanca en 1943?,Casablanca,Rabat,Tanger,Marrakech,4,Histoire
Quelle dynastie a construit la Grande Muraille de Chine?,La dynastie des Qin,La dynastie des Tang,La dynastie des Ming,La dynastie des Qing,5,Histoire
Dans quel pays s'est déroulée la Révolution irlandaise de 1916?,Irlande,Royaume-Uni,États-Unis,France,5,Histoire
Quel événement a marqué le début de la Première Guerre mondiale?,L'assassinat de l'archiduc François-Ferdinand,L'attaque de Pearl Harbor,La bataille de Verdun,La révolution russe,7,Histoire
Quel empereur romain a construit le mur de Antonin en Écosse?,Antonin le Pieux,Auguste,Néron,Trajan,5,Histoire
Dans quel pays s'est déroulée la Révolution chinoise de 1949?,Chine,États-Unis,Russie,Japon,6,Histoire
Dans quelle ville se trouve le site archéologique de Chichén Itzá?,Mexique,Brésil,Pérou,Égypte,4,Histoire
Dans quel pays s'est déroulée la Révolution des œillets en 1974?,Portugal,Espagne,France,Italie,6,Histoire
Quel événement a marqué le début de la guerre d'indépendance des États-Unis?,La bataille de Lexington et Concord,La déclaration d'indépendance,La bataille de Yorktown,La bataille de Saratoga,7,Histoire
Dans quel pays se trouve la ville antique de Petra?,Jordanie,Égypte,Turquie,Grèce,4,Histoire
Dans quelle ville s'est déroulée la Révolution industrielle en Europe?,Manchester,Londres,Paris,Berlin,6,Histoire
Quel empereur romain a construit le Panthéon à Rome?,Hadrien,Auguste,Néron,Trajan,5,Histoire
Dans quel pays s'est déroulée la Révolution iranienne de 1979?,Iran,États-Unis,Irak,Arabie saoudite,6,Histoire
Quel événement a marqué la fin de la guerre du Viêt Nam?,La chute de Saïgon,La bataille de Khe Sanh,Le massacre de My Lai,La bataille de Hamburger Hill,7,Histoire
Quelle dynastie française a construit le château de Versailles?,La dynastie des Bourbons,La dynastie des Capétiens,La dynastie des Valois,La dynastie des Carolingiens,4,Histoire
Dans quel pays s'est déroulée la Révolution haïtienne de 1791?,Haïti,France,États-Unis,Canada,5,Histoire
Quel événement a marqué le début de la guerre de Sécession aux États-Unis?,L'attaque de Fort Sumter,La bataille de Gettysburg,La proclamation d'émancipation,La prise de Richmond,7,Histoire
Dans quelle ville s'est déroulée la conférence de Potsdam en 1945?,Potsdam,Berlin,Genève,Vienne,4,Histoire
Quelle dynastie a construit le Taj Mahal en Inde?,La dynastie des Moghols,La dynastie des Maurya,La dynastie des Gupta,La dynastie des Chola,5,Histoire
Dans quel pays s'est déroulée la Révolution sud-africaine de 1910?,Afrique du Sud,Royaume-Uni,France,Allemagne,5,Histoire
Quel événement a marqué le début de la guerre du Golfe en 1990?,L'invasion du Koweït par l'Irak,La révolution iranienne,Les attentats du 11 septembre,La création de l'État d'Israël,7,Histoire
Dans quelle ville se trouve le site archéologique de Tikal?,Guatemala,Mexique,Pérou,Bolivie,4,Histoire
Dans quel pays s'est déroulée la Révolution des clavecinistes en 1733?,France,Allemagne,Italie,Angleterre,6,Histoire
Quel roi de France a construit le château de Chambord?,François Ier,Louis XIV,Louis XVI,Charles VII,4,Histoire
Dans quel pays s'est déroulée la Révolution de velours en 1989?,Tchécoslovaquie,Russie,Pologne,Hongrie,6,Histoire
Quel événement a marqué la fin de la guerre du Pacifique en 1945?,La capitulation du Japon,Le bombardement de Hiroshima,La bataille de Midway,La bataille d'Iwo Jima,7,Histoire
Quel empereur romain a construit les thermes de Caracalla à Rome?,Caracalla,Auguste,Néron,Trajan,5,Histoire
Dans quel pays s'est déroulée la Révolution égyptienne de 1952?,Égypte,Royaume-Uni,France,Italie,5,Histoire
Quel événement a marqué le début de la guerre de Sécession aux États-Unis?,L'attaque de Fort Sumter,La bataille de Gettysburg,La proclamation d'émancipation,La prise de Richmond,7,Histoire
Dans quelle ville s'est déroulée la conférence de Casablanca en 1943?,Casablanca,Rabat,Tanger,Marrakech,4,Histoire
Quelle dynastie a construit la Grande Muraille de Chine?,La dynastie des Qin,La dynastie des Tang,La dynastie des Ming,La dynastie des Qing,5,Histoire
Dans quel pays s'est déroulée la Révolution irlandaise de 1916?,Irlande,Royaume-Uni,États-Unis,France,5,Histoire
Quel événement a marqué le début de la Première Guerre mondiale?,L'assassinat de l'archiduc François-Ferdinand,L'attaque de Pearl Harbor,La bataille de Verdun,La révolution russe,7,Histoire
Quel empereur romain a construit le mur de Antonin en Écosse?,Antonin le Pieux,Auguste,Néron,Trajan,5,Histoire
Dans quelle ville se trouve la célèbre Mona Lisa de Leonardo da Vinci?,Paris,Rome,Milan,Florence,4,Art
Quel mouvement artistique est caractérisé par des formes géométriques et l'utilisation de couleurs vives?,Le cubisme,L'impressionnisme,Le surréalisme,L'art abstrait,5,Art
Quel peintre est connu pour ses toiles représentant des tournesols?,Vincent van Gogh,Pablo Picasso,Claude Monet,Henri Matisse,3,Art
Dans quelle ville se trouve la célèbre sculpture David de Michel-Ange?,Florence,Rome,Venise,Milan,4,Art
Quel courant artistique est représenté par les œuvres de Salvador Dalí?,Le surréalisme,Le pop art,Le cubisme,L'art nouveau,5,Art
Quel peintre a réalisé la fresque de La Cène dans le couvent Santa Maria delle Grazie à Milan?,Leonardo da Vinci,Michel-Ange,Raphael,Caravaggio,6,Art
Dans quel musée se trouve la Joconde?,Le Louvre,Le Prado,Le British Museum,Le MoMA,3,Art
Quel artiste est connu pour ses sculptures monumentales, dont Le Penseur?,Auguste Rodin,Michel-Ange,Claude Monet,Pablo Picasso,4,Art
Quel peintre est associé au mouvement impressionniste et a réalisé la série des Nymphéas?,Claude Monet,Vincent van Gogh,Édouard Manet,Pierre-Auguste Renoir,5,Art
Dans quel pays est né le peintre Pablo Picasso?,Espagne,France,Italie,Allemagne,2,Art
Quel courant artistique est représenté par les œuvres de Jackson Pollock?,L'expressionnisme abstrait,Le surréalisme,Le fauvisme,Le dadaïsme,6,Art
Quel artiste a peint La Nuit étoilée?,Vincent van Gogh,Pablo Picasso,Salvador Dalí,Claude Monet,4,Art
Quelle est la période artistique caractérisée par des fresques et des sculptures inspirées de l'Antiquité romaine et grecque?,La Renaissance,L'art gothique,L'art baroque,L'art classique,4,Art
Quel sculpteur français est connu pour son œuvre Le Penseur?,Auguste Rodin,Alberto Giacometti,Constantin Brâncuși,Henry Moore,3,Art
Dans quel musée se trouve La Persistance de la mémoire de Salvador Dalí?,Le MoMA,Le Centre Pompidou,Le Musée Reina Sofía,Le Musée d'Orsay,4,Art
Quel courant artistique est caractérisé par l'utilisation de motifs répétitifs et de couleurs vives?,Le pop art,L'art abstrait,Le dadaïsme,Le réalisme,5,Art
Dans quelle ville se trouve le musée Guggenheim?,New York,Bilbao,Berlin,Londres,3,Art
Quel artiste est connu pour ses sculptures en métal soudé, telles que Le Guerrier de Chine?,Alberto Giacometti,Constantin Brâncuși,Alexander Calder,Isamu Noguchi,5,Art
Quel peintre est célèbre pour ses toiles représentant des danseuses?,Edgar Degas,Claude Monet,Pierre-Auguste Renoir,Édouard Manet,3,Art
Dans quel pays se trouve le musée Van Gogh?,Pays-Bas,France,Italie,Allemagne,2,Art
Quel courant artistique est caractérisé par des formes organiques et l'utilisation de couleurs vives?,L'art nouveau,Le surréalisme,Le cubisme,L'expressionnisme,5,Art
Quel peintre est connu pour ses toiles représentant des paysages de la Provence?,Paul Cézanne,Claude Monet,Édouard Manet,Henri Matisse,3,Art
Dans quelle ville se trouve la célèbre Chapelle Sixtine?,Rome,Venise,Florence,Milan,4,Art
Quel mouvement artistique est caractérisé par des œuvres qui semblent se dissoudre ou se fondre dans leur environnement?,L'art conceptuel,L'art cinétique,L'art minimal,L'art environnemental,6,Art
Quel peintre est connu pour ses portraits, dont celui de La Jeune Fille à la perle?,Johannes Vermeer,Rembrandt van Rijn,Jan van Eyck,Peter Paul Rubens,4,Art
Dans quel musée se trouve la statue de Vénus de Milo?,Le Louvre,Le Prado,Le British Museum,Le MoMA,3,Art
Quel artiste est connu pour ses sculptures monumentales en acier inoxydable, comme Le Cœur de Midtown?,Jeff Koons,Damien Hirst,Banksy,Anish Kapoor,5,Art
Quel peintre est associé au mouvement surréaliste et a réalisé la série des Persistance de la mémoire?,Salvador Dalí,René Magritte,Giorgio de Chirico,Jean Arp,5,Art
Dans quel pays est né le peintre Claude Monet?,France,Italie,Espagne,Angleterre,2,Art
Quel courant artistique est caractérisé par l'utilisation de couleurs vives et de motifs inspirés de l'art populaire?,Le fauvisme,L'impressionnisme,L'art abstrait,L'art nouveau,5,Art
Dans quelle ville se trouve le musée du Louvre?,Paris,Londres,Rome,Madrid,2,Art
Quel artiste est connu pour ses œuvres composées de boîtes de conserve et de soupe en conserve?,Andy Warhol,Roy Lichtenstein,Keith Haring,Jackson Pollock,4,Art
Quel peintre est célèbre pour ses toiles représentant des nymphéas et des ponts japonais?,Claude Monet,Vincent van Gogh,Édouard Manet,Henri Matisse,3,Art
Dans quel pays se trouve la Galerie des Offices?,Italie,France,Allemagne,Espagne,3,Art
Quel courant artistique est caractérisé par l'utilisation de couleurs vives et de formes géométriques?,Le fauvisme,Le cubisme,Le surréalisme,Le réalisme,4,Art
Dans quelle ville se trouve la célèbre œuvre La Guernica de Pablo Picasso?,Madrid,Paris,Berlin,Londres,4,Art
Quel artiste est connu pour ses sculptures en bronze, dont Le Penseur?,Auguste Rodin,Alberto Giacometti,Constantin Brâncuși,Henry Moore,3,Art
Quel peintre est célèbre pour ses toiles représentant des danseuses de ballet?,Edgar Degas,Claude Monet,Pierre-Auguste Renoir,Édouard Manet,3,Art
Dans quel pays se trouve le musée du Prado?,Espagne,Italie,France,Allemagne,3,Art
Quel courant artistique est caractérisé par l'utilisation de couleurs vives et de motifs inspirés de la nature?,L'art nouveau,L'impressionnisme,Le réalisme,Le surréalisme,4,Art
Dans quelle ville se trouve la célèbre sculpture La Pietà de Michel-Ange?,Rome,Florence,Venise,Milan,4,Art
Quel mouvement artistique est caractérisé par l'utilisation de formes géométriques et de couleurs primaires?,Le néoplasticisme,Le dadaïsme,Le pop art,Le réalisme,5,Art
Quel peintre est connu pour ses toiles représentant des paysages de la Provence, des tournesols et des étoiles?,Vincent van Gogh,Pablo Picasso,Claude Monet,Henri Matisse,3,Art
Dans quel musée se trouve le tableau La Nuit étoilée de Vincent van Gogh?,Le MoMA,Le Centre Pompidou,Le Musée Reina Sofía,Le Musée d'Orsay,4,Art
Quel artiste est connu pour ses sculptures en métal, telles que Le Guerrier de Chine?,Alberto Giacometti,Constantin Brâncuși,Alexander Calder,Isamu Noguchi,5,Art
Quel peintre est célèbre pour ses portraits, dont celui de La Joconde?,Leonardo da Vinci,Rembrandt van Rijn,Jan van Eyck,Peter Paul Rubens,3,Art
Dans quel pays se trouve le musée du Prado?,Espagne,Italie,France,Allemagne,3,Art
Quel courant artistique est caractérisé par l'utilisation de couleurs vives et de motifs répétitifs?,Le pop art,L'art abstrait,Le dadaïsme,Le réalisme,5,Art
Dans quelle ville se trouve le musée du Vatican?,Rome,Florence,Venise,Milan,4,art
Dans quel jeu-vidéo Mario apparaît-il pour la première fois?,Super Mario Bros,Donkey Kong,The Legend of Zelda,Metroid,3,Jeux-vidéos
Quelle est la console de jeux-vidéo la plus vendue de tous les temps?,PlayStation 2,Nintendo DS,Game Boy,PlayStation 4,4,Jeux-vidéos
Quel est le personnage principal du jeu The Legend of Zelda?,Link,Mario,Sonic,Kratos,3,Jeux-vidéos
Quel est le nom du personnage emblématique de la franchise Pokémon?,Pikachu,Charizard,Squirtle,Jigglypuff,2,Jeux-vidéos
Dans quel jeu-vidéo le personnage Master Chief est-il apparu pour la première fois?,Halo: Combat Evolved,Gears of War,Call of Duty: Modern Warfare,Mass Effect,4,Jeux-vidéos
Quel jeu-vidéo est souvent considéré comme le meilleur de tous les temps?,The Legend of Zelda: Ocarina of Time,Super Mario 64,Final Fantasy VII,The Last of Us,5,Jeux-vidéos
Quelle franchise de jeux-vidéo est célèbre pour son mode multijoueur en ligne?,Call of Duty,Halo,Grand Theft Auto,Fortnite,4,Jeux-vidéos
Quel est le nom du célèbre plombier de Nintendo?,Mario,Luigi,Yoshi,Bowser,2,Jeux-vidéos
Quelle est la première console de jeux-vidéo de Sony?,PlayStation,PlayStation 2,PlayStation 3,PlayStation 4,3,Jeux-vidéos
Dans quel jeu-vidéo Sonic the Hedgehog apparaît-il pour la première fois?,Sonic the Hedgehog,Sonic & Knuckles,Sonic CD,Sonic the Hedgehog 2,3,Jeux-vidéos
Quel est le nom de la mascotte de Sega?,Sonic the Hedgehog,Alex Kidd,Tails,Knuckles,2,Jeux-vidéos
Dans quel jeu-vidéo le personnage Kratos apparaît-il?,God of War,Assassin's Creed,The Witcher,Uncharted,3,Jeux-vidéos
Quel jeu-vidéo a popularisé le genre Battle Royale?,PlayerUnknown's Battlegrounds (PUBG),Fortnite,Apex Legends,Call of Duty: Warzone,4,Jeux-vidéos
Quel est le nom du personnage principal du jeu-vidéo Assassin's Creed?,Ezio Auditore,Altair Ibn-La'Ahad,Edward Kenway,Connor Kenway,3,Jeux-vidéos
Dans quel jeu-vidéo le personnage Lara Croft apparaît-il pour la première fois?,Tomb Raider,Uncharted,Resident Evil,Metal Gear Solid,3,Jeux-vidéos
Quelle est la franchise de jeux-vidéo la plus vendue de tous les temps?,Minecraft,Tetris,Grand Theft Auto,Pokémon,4,Jeux-vidéos
Quel jeu-vidéo est célèbre pour ses blocs de construction et son mode créatif?,Minecraft,Fortnite,Roblox,The Sims,3,Jeux-vidéos
Dans quel jeu-vidéo le personnage Samus Aran apparaît-il pour la première fois?,Metroid,Super Mario Bros,Donkey Kong,The Legend of Zelda,4,Jeux-vidéos
Quel est le nom de la mascotte de Nintendo?,Mario,Link,Donkey Kong,Sonic,2,Jeux-vidéos
Dans quel jeu-vidéo le personnage Ellie apparaît-il?,The Last of Us,Final Fantasy VII,Resident Evil,Uncharted,3,Jeux-vidéos
Quelle franchise de jeux-vidéo est célèbre pour son monde ouvert et ses possibilités de liberté?,Grand Theft Auto,The Elder Scrolls,Assassin's Creed,Metal Gear Solid,4,Jeux-vidéos
Dans quel jeu-vidéo le personnage Mega Man apparaît-il pour la première fois?,Mega Man,Mega Man X,Mega Man Legends,Mega Man Battle Network,3,Jeux-vidéos
Quel est le nom du personnage principal du jeu-vidéo Metal Gear Solid?,Solid Snake,Big Boss,Raiden,Revolver Ocelot,3,Jeux-vidéos
Dans quel jeu-vidéo le personnage Nathan Drake apparaît-il?,Uncharted,The Last of Us,Tomb Raider,Assassin's Creed,3,Jeux-vidéos
Quelle est la première console de jeux-vidéo de Microsoft?,Xbox,Xbox 360,Xbox One,Xbox Series X,3,Jeux-vidéos
Quel jeu-vidéo est célèbre pour son mode de jeu en ligne massivement multijoueur?,World of Warcraft,Final Fantasy XIV,The Elder Scrolls Online,Guild Wars 2,4,Jeux-vidéos
Dans quel jeu-vidéo le personnage Marcus Fenix apparaît-il?,Gears of War,Halo,Call of Duty: Modern Warfare,BioShock,3,Jeux-vidéos
Quelle est la franchise de jeux-vidéo basée sur des blocs et des créatures à capturer?,Pokémon,Minecraft,Super Mario Bros,The Legend of Zelda,3,Jeux-vidéos
Quel jeu-vidéo est célèbre pour son mode de jeu en ligne massivement multijoueur et son univers de science-fiction?,Destiny,Overwatch,League of Legends,Counter-Strike: Global Offensive,4,Jeux-vidéos
Quel est le nom du personnage principal du jeu-vidéo Final Fantasy VII?,Cloud Strife,Sephiroth,Tifa Lockhart,Aerith Gainsborough,3,Jeux-vidéos
Dans quel jeu-vidéo le personnage Donkey Kong apparaît-il pour la première fois?,Donkey Kong,Super Mario Bros,The Legend of Zelda,Metroid,3,Jeux-vidéos
Quelle est la franchise de jeux-vidéo basée sur des voitures et des courses?,Mario Kart,Gran Turismo,Need for Speed,Burnout,3,Jeux-vidéos
Dans quel jeu-vidéo le personnage Ezio Auditore apparaît-il?,Assassin's Creed II,Assassin's Creed,Assassin's Creed: Brotherhood,Assassin's Creed: Revelations,3,Jeux-vidéos
Quel est le nom du personnage principal du jeu-vidéo The Witcher?,Geralt of Rivia,Triss Merigold,Yennefer of Vengerberg,Ciri,3,Jeux-vidéos
Dans quel jeu-vidéo le personnage Solid Snake apparaît-il pour la première fois?,Metal Gear,Metal Gear Solid,Metal Gear Solid 2: Sons of Liberty,Metal Gear Solid 3: Snake Eater,3,Jeux-vidéos
Quelle est la première console de jeux-vidéo de Nintendo?,Nintendo Entertainment System (NES),Super Nintendo Entertainment System (SNES),Nintendo 64,Nintendo GameCube,3,Jeux-vidéos
Dans quel jeu-vidéo le personnage Sonic the Hedgehog a-t-il été présenté en tant que rival de Mario?,Sonic the Hedgehog,Sonic the Hedgehog 2,Sonic & Knuckles,Sonic CD,3,Jeux-vidéos
Quel est le nom du personnage principal du jeu-vidéo Uncharted?,Nathan Drake,Samuel Drake,Elena Fisher,Victor Sullivan,3,Jeux-vidéos
Quelle franchise de jeux-vidéo est célèbre pour ses combats de monstres et sa capture de créatures?,Pokémon,Final Fantasy,Monster Hunter,Dragon Quest,3,Jeux-vidéos
Dans quel jeu-vidéo le personnage Joel apparaît-il?,The Last of Us,BioShock,Red Dead Redemption,God of War,3,Jeux-vidéos
Quel est le nom de la mascotte de Capcom?,Mega Man,Ryu,Dante,Chris Redfield,2,Jeux-vidéos
Dans quel jeu-vidéo le personnage Link apparaît-il pour la première fois?,The Legend of Zelda,Super Mario Bros,Donkey Kong,Metroid,3,Jeux-vidéos
Quelle est la première console de jeux-vidéo portable de Nintendo?,Game Boy,Game Boy Color,Game Boy Advance,Nintendo DS,3,Jeux-vidéos
Quel jeu-vidéo est célèbre pour son mode de jeu en ligne massivement multijoueur et son univers fantastique?,World of Warcraft,League of Legends,Final Fantasy XIV,The Elder Scrolls Online,4,Jeux-vidéos
Quel est le nom du personnage principal du jeu-vidéo BioShock?,Jack,Andrew Ryan,Elizabeth,Booker DeWitt,3,Jeux-vidéos
Dans quel jeu-vidéo le personnage Mario apparaît-il pour la première fois en tant que protagoniste?,Donkey Kong,Super Mario Bros,The Legend of Zelda,Metroid,3,Jeux-vidéos
Quelle est la franchise de jeux-vidéo basée sur des combats de voitures avec des power-ups?,Mario Kart,Gran Turismo,Need for Speed,Burnout,3,Jeux-vidéos
Dans quel jeu-vidéo le personnage Kratos est-il le Dieu de la Guerre?,God of War,Assassin's Creed,The Witcher,Uncharted,3,Jeux-vidéos
Quelle est la console de jeux-vidéo portable la plus vendue de tous les temps?,Nintendo DS,Game Boy,PlayStation Portable (PSP),Game Boy Advance,4,Jeux-vidéos
Dans quel jeu-vidéo le personnage Samus Aran est-il une chasseuse de primes intergalactique?,Metroid,Super Mario Bros,Donkey Kong,The Legend of Zelda,4,Jeux-vidéos
Quel est le plus grand océan du monde?,Océan Pacifique,Océan Atlantique,Océan Indien,Océan Arctique,2,Géographie
Quel est le plus haut sommet du monde?,Mont Everest,K2,Kangchenjunga,Lhotse,3,Géographie
Quelle est la plus grande île du monde?,Groenland,Nouvelle-Guinée,Bornéo,Madagascar,2,Géographie
Quel est le plus grand désert du monde?,Désert du Sahara,Désert du Gobi,Désert d'Arabie,Désert du Kalahari,2,Géographie
Quelle est la capitale de la France?,Paris,Lyon,Marseille,Bordeaux,1,Géographie
Quel est le plus grand fleuve du monde?,Fleuve Amazone,Fleuve Nil,Fleuve Mississippi,Fleuve Yangtsé,3,Géographie
Quelle est la plus grande chaîne de montagnes du monde?,Himalaya,Andes,Rocheuses,Alpes,2,Géographie
Quel est le plus grand pays d'Amérique du Sud?,Brésil,Argentine,Pérou,Colombie,1,Géographie
Quel est le pays le plus peuplé du monde?,Chine,Inde,États-Unis,Indonésie,2,Géographie
Quelle est la plus grande ville du monde en termes de population?,Tokyo,Déhli,Shanghai,Mexico,1,Géographie
Quel est le plus grand lac du monde?,Mer Caspienne,Lac Supérieur,Lac Victoria,Lac Baïkal,1,Géographie
Quel est le pays le plus grand d'Europe?,Russie,Ukraine,France,Espagne,1,Géographie
Dans quel pays se trouve la Grande Muraille?,Chine,Japon,Corée du Sud,Vietnam,1,Géographie
Quel est le plus grand archipel du monde?,Indonésie,Philippines,Maldives,Îles Fidji,2,Géographie
Quel est le pays le plus petit du monde?,Vatican,Monaco,Nauru,Tuvalu,1,Géographie
Quel est le pays le plus vaste d'Afrique?,Algérie,République démocratique du Congo,Soudan,Nigeria,1,Géographie
Dans quel pays se trouve la ville de Marrakech?,Maroc,Tunisie,Algérie,Égypte,1,Géographie
Quel est le pays le plus peuplé d'Europe?,Russie,Allemagne,Royaume-Uni,France,1,Géographie
Dans quel pays se trouve le mont Kilimandjaro?,Tanzanie,Kenya,Ouganda,Rwanda,1,Géographie
Quel est le pays le plus grand d'Amérique du Nord?,Canada,États-Unis,Mexique,Cuba,1,Géographie
Quelle est la plus haute cascade du monde?,Salto Angel (Venezuela),Chutes d'Iguaçu (Brésil/Argentine),Chutes Victoria (Zimbabwe/Zambie),Yosemite Falls (États-Unis),1,Géographie
Dans quel pays se trouve la ville de Pékin?,Chine,Japon,Corée du Sud,Vietnam,1,Géographie
Quel est le plus grand lac salé du monde?,Mer Morte,Grand Lac Salé,Mar Chiquita,Lac Assal,2,Géographie
Dans quel pays se trouve la ville de Cuzco?,Pérou,Bolivie,Équateur,Colombie,1,Géographie
Quel est le pays le plus vaste d'Amérique du Sud?,Brésil,Argentine,Pérou,Colombie,1,Géographie
Quelle est la plus grande ville d'Inde?,Mumbai (Bombay),Delhi (Déhli),Kolkata (Calcutta),Chennai (Madras),1,Géographie
Dans quel pays se trouve la ville de Rome?,Italie,Grèce,France,Espagne,1,Géographie
Quel est le pays le plus petit d'Amérique centrale?,El Salvador,Belize,Honduras,Costa Rica,1,Géographie
Quelle est la plus grande ville du Brésil?,São Paulo,Rio de Janeiro,Brasília,Salvador,1,Géographie
Quel est le plus grand pays du monde en termes de superficie?,Russie,Canada,Chine,États-Unis,1,Géographie
Dans quel pays se trouve la ville de Tokyo?,Japon,Chine,Corée du Sud,Thaïlande,1,Géographie
Quelle est la plus haute montagne d'Europe?,Mont Elbrouz (Russie),Mont Blanc (France/Italie),Mont Etna (Italie),Mont Ararat (Turquie),2,Géographie
Dans quel pays se trouve la ville de Sydney?,Australie,Nouvelle-Zélande,Indonésie,Fidji,1,Géographie
Quel est le plus grand pays d'Afrique du Nord?,Algérie,Maroc,Tunisie,Libye,1,Géographie
Dans quel pays se trouve le canal de Panama?,Panama,Costa Rica,Colombie,Nicaragua,1,Géographie
Quelle est la plus haute montagne du monde hors de l'Himalaya?,Mont McKinley (États-Unis),Mont Kilimandjaro (Tanzanie),Mont Aconcagua (Argentine),Mont Denali (États-Unis),1,Géographie
Dans quel pays se trouve la ville de Lima?,Pérou,Bolivie,Chili,Équateur,1,Géographie
Quel est le pays le plus peuplé d'Afrique?,Nigeria,Éthiopie,Égypte,Afrique du Sud,1,Géographie
Quelle est la plus haute montagne d'Amérique du Sud?,Mont Aconcagua (Argentine),Mont Chimborazo (Équateur),Mont Huascarán (Pérou),Mont Ojos del Salado (Chili/Argentine),1,Géographie
Dans quel pays se trouve la ville de Bangkok?,Thaïlande,Vietnam,Malaisie,Indonésie,1,Géographie
Quel est le plus grand pays d'Océanie?,Australie,Papouasie-Nouvelle-Guinée,Nouvelle-Zélande,Fidji,1,Géographie
Dans quel pays se trouve la ville de Nairobi?,Kenya,Tanzanie,Ouganda,Rwanda,1,Géographie
Quelle est la plus grande île du continent africain?,Madagascar,Seychelles,Maurice,Zanzibar,1,Géographie
Dans quel pays se trouve la ville de Buenos Aires?,Argentine,Brésil,Uruguay,Paraguay,1,Géographie
Quel est le pays le plus petit du continent africain?,Seychelles,Djibouti,Gambie,Comores,1,Géographie
Quelle est la plus grande ville des États-Unis?,New York,Los Angeles,Chicago,Houston,1,Géographie
Dans quel pays se trouve la ville de Mexico?,Mexique,Guatémala,Salvador,Honduras,1,Géographie
Quel est le plus grand archipel de la Méditerranée?,Grèce,Italie,Espagne,Croatie,1,Géographie
Quelle est la plus grande ville de Russie?,Moscou,Saint-Pétersbourg,Novossibirsk,Iekaterinbourg,1,Géographie
Dans quel pays se trouve la ville de Berlin?,Allemagne,France,Royaume-Uni,Italie,1,Géographie
Quel mathématicien a formulé le célèbre théorème de Pythagore?,Pythagore,Euclide,Aristote,Archimède,2,Maths
Quel mathématicien est connu pour avoir développé le calcul infinitésimal et la théorie des limites?,Isaac Newton,Leonhard Euler,Blaise Pascal,Carl Friedrich Gauss,3,Maths
Quel mathématicien a découvert le nombre d'or et ses propriétés mathématiques?,Leonardo Fibonacci,Euclide,Pierre de Fermat,René Descartes,2,Maths
Quelle mathématicienne est considérée comme la première programmeuse de l'histoire et a écrit le premier algorithme destiné à être exécuté par une machine?,Ada Lovelace,Emmy Noether,Sophie Germain,Maryam Mirzakhani,3,Maths
Quel mathématicien grec est connu pour avoir posé les bases de la géométrie et a donné son nom à de nombreux théorèmes?,Euclide,Archimède,Pythagore,Aristote,2,Maths
Quel mathématicien français a formulé le théorème fondamental de l'arithmétique, démontrant que tout nombre entier peut être décomposé en facteurs premiers de manière unique?,Étienne Bézout,Pierre-Simon Laplace,Pierre de Fermat,Claude Shannon,2,Maths
Quel mathématicien allemand a développé la théorie des ensembles et a introduit le concept de nombres transfinitude?,Georg Cantor,Felix Klein,Kurt Gödel,Gottfried Leibniz,3,Maths
Quel mathématicien indien est connu pour avoir inventé le système de numération décimal positionnel et a formulé le théorème qui porte son nom?,Aryabhata,Ramanujan,Brahmagupta,Bhaskara II,2,Maths
Quel mathématicien français est considéré comme le fondateur de la géométrie analytique et a introduit les coordonnées cartésiennes?,René Descartes,Blaise Pascal,Joseph Fourier,Gaspard Monge,2,Maths
Quel mathématicien russe a formulé les fameuses équations de Maxwell qui décrivent les phénomènes électromagnétiques?,James Clerk Maxwell,Albert Einstein,Isaac Newton,Carl Friedrich Gauss,3,Maths
Quel mathématicien britannique est connu pour avoir formulé les lois de la gravitation universelle et a développé le calcul différentiel et intégral?,Isaac Newton,Leonhard Euler,Carl Friedrich Gauss,Gottfried Leibniz,3,Maths
Quel mathématicien français est connu pour avoir développé la théorie des nombres et a formulé le dernier théorème de Fermat?,Pierre de Fermat,Gabriel Lamé,Joseph-Louis Lagrange,Adrien-Marie Legendre,3,Maths
Quel mathématicien allemand est connu pour avoir développé la théorie des groupes et a formulé le théorème de Lagrange?,Carl Friedrich Gauss,Emmy Noether,Kurt Gödel,Gottfried Leibniz,3,Maths
Quel mathématicien français est connu pour avoir introduit le concept de fonctions et a développé le calcul intégral?,Gaspard de Prony,Joseph Fourier,Pierre-Simon Laplace,Gaspard Monge,2,Maths
Quel mathématicien français est connu pour avoir développé la théorie des probabilités et a formulé le fameux théorème qui porte son nom?,Pierre-Simon Laplace,Blaise Pascal,Pierre de Fermat,Jean-Baptiste Fourier,2,Maths
Quel mathématicien italien est connu pour avoir développé la méthode des moindres carrés et a formulé le principe qui porte son nom?,Giuseppe Peano,Leonardo Fibonacci,Carl Friedrich Gauss,Giovanni Ceva,3,Maths
Quel mathématicien français est connu pour avoir introduit le concept de limite et a formulé le théorème de la limite centrale?,Siméon-Denis Poisson,Joseph Fourier,Adrien-Marie Legendre,Augustin-Louis Cauchy,3,Maths
Quel mathématicien allemand est connu pour avoir formulé les célèbres équations différentielles qui portent son nom?,Karl Weierstrass,Bernhard Riemann,Gottfried Leibniz,Carl Friedrich Gauss,3,Maths
Quelle mathématicienne et philosophe grecque est connue pour sa contribution à l'école pythagoricienne et pour avoir découvert le théorème qui porte son nom?,Hypatie d'Alexandrie,Aspasia de Milet,Théano de Crotone,Theodora de Byzance,2,Maths
Quel mathématicien français est connu pour avoir formulé la loi des grands nombres et a développé la théorie des probabilités?,Blaise Pascal,Pierre-Simon Laplace,Pierre de Fermat,Siméon-Denis Poisson,2,Maths
Quel mathématicien allemand est connu pour avoir formulé les célèbres équations de la physique quantique qui portent son nom?,Max Planck,Albert Einstein,Werner Heisenberg,Erwin Schrödinger,3,Maths
Quel mathématicien grec est considéré comme le père de la géométrie et a donné son nom à de nombreux théorèmes?,Euclide,Archimède,Pythagore,Aristote,2,Maths
Quel mathématicien français est connu pour avoir développé la théorie des fonctions elliptiques et a formulé le dernier théorème de Fermat?,Adrien-Marie Legendre,Pierre de Fermat,Gabriel Lamé,Joseph-Louis Lagrange,3,Maths
Quelle mathématicienne américaine est connue pour sa contribution à la théorie des jeux et à l'économie mathématique?,Emmy Noether,Grace Hopper,Ada Lovelace,John von Neumann,3,Maths
Quel mathématicien allemand est connu pour avoir développé la géométrie non euclidienne et a formulé le théorème qui porte son nom?,Felix Klein,Georg Cantor,Kurt Gödel,Bernhard Riemann,3,Maths
Quel mathématicien indien est connu pour avoir formulé les célèbres identités mathématiques et a développé la théorie des nombres?,Aryabhata,Ramanujan,Brahmagupta,Bhaskara II,2,Maths
Quel mathématicien français est connu pour avoir formulé le théorème des résidus et a développé la théorie des fonctions analytiques?,Joseph-Louis Lagrange,Pierre-Simon Laplace,Camille Jordan,Joseph Fourier,3,Maths
Quel mathématicien allemand est connu pour avoir développé la théorie des nombres et a formulé le célèbre théorème qui porte son nom?,Carl Friedrich Gauss,Gottfried Leibniz,Kurt Gödel,David Hilbert,3,Maths
Quel mathématicien français est connu pour avoir introduit le concept de série et a formulé le célèbre théorème qui porte son nom?,Évariste Galois,Blaise Pascal,Joseph Fourier,Gabriel Lamé,3,Maths
Quel mathématicien allemand est connu pour avoir formulé le principe de l'incomplétude et a développé la logique mathématique?,Kurt Gödel,David Hilbert,Bernhard Riemann,Carl Friedrich Gauss,3,Maths
Quel mathématicien britannique est connu pour avoir développé le concept de la fonction logarithme et a formulé le théorème qui porte son nom?,John Napier,Isaac Newton,John Wallis,Leonhard Euler,3,Maths
Quel mathématicien français est connu pour avoir développé la théorie des nombres et a formulé le dernier théorème de Fermat?,Pierre de Fermat,Gabriel Lamé,Joseph-Louis Lagrange,Adrien-Marie Legendre,3,Maths
Quel mathématicien allemand est connu pour avoir développé la théorie des groupes et a formulé le théorème qui porte son nom?,Carl Friedrich Gauss,Emmy Noether,Kurt Gödel,Gottfried Leibniz,3,Maths
Quel mathématicien français est connu pour avoir introduit le concept de fonctions et a développé le calcul intégral?,Gaspard de Prony,Joseph Fourier,Pierre-Simon Laplace,Gaspard Monge,2,Maths
Quel mathématicien français est connu pour avoir développé la théorie des probabilités et a formulé le fameux théorème qui porte son nom?,Pierre-Simon Laplace,Blaise Pascal,Pierre de Fermat,Jean-Baptiste Fourier,2,Maths
Quel mathématicien italien est connu pour avoir développé la méthode des moindres carrés et a formulé le principe qui porte son nom?,Giuseppe Peano,Leonardo Fibonacci,Carl Friedrich Gauss,Giovanni Ceva,3,Maths
Quel mathématicien français est connu pour avoir introduit le concept de limite et a formulé le théorème de la limite centrale?,Siméon-Denis Poisson,Joseph Fourier,Adrien-Marie Legendre,Augustin-Louis Cauchy,3,Maths
Quel mathématicien allemand est connu pour avoir formulé les célèbres équations différentielles qui portent son nom?,Karl Weierstrass,Bernhard Riemann,Gottfried Leibniz,Carl Friedrich Gauss,3,Maths
Quelle mathématicienne et philosophe grecque est connue pour sa contribution à l'école pythagoricienne et pour avoir découvert le théorème qui porte son nom?,Hypatie d'Alexandrie,Aspasia de Milet,Théano de Crotone,Theodora de Byzance,2,Maths
Quel mathématicien français est connu pour avoir formulé la loi des grands nombres et a développé la théorie des probabilités?,Blaise Pascal,Pierre-Simon Laplace,Pierre de Fermat,Siméon-Denis Poisson,2,Maths
Quel mathématicien allemand est connu pour avoir formulé les célèbres équations de la physique quantique qui portent son nom?,Max Planck,Albert Einstein,Werner Heisenberg,Erwin Schrödinger,3,Maths
Quel mathématicien grec est considéré comme le père de la géométrie et a donné son nom à de nombreux théorèmes?,Euclide,Archimède,Pythagore,Aristote,2,Maths
Quel mathématicien français est connu pour avoir développé la théorie des fonctions elliptiques et a formulé le dernier théorème de Fermat?,Adrien-Marie Legendre,Pierre de Fermat,Gabriel Lamé,Joseph-Louis Lagrange,3,Maths
Quelle mathématicienne américaine est connue pour sa contribution à la théorie des jeux et à l'économie mathématique?,Emmy Noether,Grace Hopper,Ada Lovelace,John von Neumann,3,Maths
Quel mathématicien allemand est connu pour avoir développé la géométrie non euclidienne et a formulé le théorème qui porte son nom?,Felix Klein,Georg Cantor,Kurt Gödel,Bernhard Riemann,3,Maths
Quel mathématicien indien est connu pour avoir formulé les célèbres identités mathématiques et a développé la théorie des nombres?,Aryabhata,Ramanujan,Brahmagupta,Bhaskara II,2,Maths
Quel mathématicien français est connu pour avoir formulé le théorème des résidus et a développé la théorie des fonctions analytiques?,Joseph-Louis Lagrange,Pierre-Simon Laplace,Camille Jordan,Joseph Fourier,3,Maths
Quel mathématicien allemand est connu pour avoir développé la théorie des nombres et a formulé le célèbre théorème qui porte son nom?,Carl Friedrich Gauss,Gottfried Leibniz,Kurt Gödel,David Hilbert,3,Maths
Quel mathématicien français est connu pour avoir développé la théorie des fonctions elliptiques et a formulé le dernier théorème de Fermat?,Adrien-Marie Legendre,Pierre de Fermat,Gabriel Lamé,Joseph-Louis Lagrange,3,Maths
Quel mathématicien allemand est connu pour avoir développé la théorie des groupes et a formulé le théorème qui porte son nom?,Carl Friedrich Gauss,Emmy Noether,Kurt Gödel,Gottfried Leibniz,3,Maths
